<!-- START viewerjs -->

	<!-- listener for application initialization --> 
	<listener>
		<listener-class>extra.viewerjs.listener.CViewerJSContextListenerBase</listener-class>
	</listener>
	
<filter-mapping>
	<filter-name>accesscontrol</filter-name>
	<url-pattern>/extra/*</url-pattern>
</filter-mapping>



<servlet>
	<description>map view request</description>
	<servlet-name>map</servlet-name>
	<servlet-class>extra.viewerjs.servlet.CServletViewerJSMap</servlet-class>
</servlet>
	
<servlet-mapping>
	<servlet-name>map</servlet-name>
	<url-pattern>/extra/viewerjs/map</url-pattern>
</servlet-mapping>


<servlet>
	<description>Window to open for seeking from a point clicked</description>
	<servlet-name>info</servlet-name>
	<servlet-class>extra.viewerjs.servlet.CServletViewerJSInfo</servlet-class>
</servlet>
	
<servlet-mapping>
	<servlet-name>info</servlet-name>
	<url-pattern>/extra/viewerjs/info</url-pattern>
</servlet-mapping>


<servlet>
	<description>called to open info strati</description>
	<servlet-name>infoStrati</servlet-name>
	<servlet-class>extra.viewerjs.servlet.CServletViewerJSInfoStrati</servlet-class>
</servlet>
	
<servlet-mapping>
	<servlet-name>infoStrati</servlet-name>
	<url-pattern>/extra/viewerjs/infoStrati</url-pattern>
</servlet-mapping>

<servlet>
	<description>called to query json</description>
	<servlet-name>queryJson</servlet-name>
	<servlet-class>extra.viewerjs.servlet.CServletViewerJSQueryJson</servlet-class>
</servlet>
	
<servlet-mapping>
	<servlet-name>queryJson</servlet-name>
	<url-pattern>/extra/viewerjs/queryJson</url-pattern>
</servlet-mapping>

<!-- END viewerjs -->
