<?xml version="1.0" encoding="UTF-8"?>
<!DOCTYPE application PUBLIC '-//Sun Microsystems, Inc.//DTD J2EE Application 1.2//EN' 'http://java.sun.com/j2ee/dtds/application_1_2.dtd'>
<application>
	<display-name>JOSSO</display-name>
	<description>JOSSO</description>
    <!-- JOSSO Gateway -->
    <module>
        <web>
            <web-uri>josso.war</web-uri>
            <context-root>/josso</context-root>
        </web>
    </module>
    <!-- JOSSO Sample Partner Web Application  -->
	<module>
		<web>
			<web-uri>partnerapp.war</web-uri>
			<context-root>/partnerapp</context-root>
		</web>
	</module>
    <!-- JOSSO Sample Partner Web Application EJB component -->
    <module>
        <java>partnercomponent.jar</java>
    </module>
</application>
