<?xml version="1.0" encoding="ISO-8859-1"?>
<!DOCTYPE ejb-jar PUBLIC '-//Sun Microsystems, Inc.//DTD Enterprise JavaBeans 2.0//EN' 'http://java.sun.com/dtd/ejb-jar_2_0.dtd'>

<!-- ============================================================== -->
<!-- Partner Component EJB Descriptor                               -->
<!--                                                                -->
<!-- $Id: ejb-jar.xml,v 1.1 2004/10/18 15:35:46 gbrigand Exp $                                                           -->
<!-- ============================================================== -->
<ejb-jar>

    <display-name>Partner Component</display-name>

    <enterprise-beans>

        <session>
            <ejb-name>PartnerComponentEJB</ejb-name>
            <home>org.josso.samples.ejb.PartnerComponentHome</home>
            <remote>org.josso.samples.ejb.PartnerComponent</remote>
            <ejb-class>org.josso.samples.ejb.PartnerComponentEJB</ejb-class>
            <session-type>Stateless</session-type>
            <transaction-type>Container</transaction-type>
            <!--
            <security-identity>
                <use-caller-identity/>
            </security-identity>
            -->
        </session>
    </enterprise-beans>

    <assembly-descriptor>

        <method-permission>
            <description>Security attributes for 'PartnerComponenttEJB' methods</description>
            <unchecked/>
            <method>
                <ejb-name>PartnerComponentEJB</ejb-name>
                <method-name>*</method-name>
            </method>
            <method>
                <ejb-name>PartnerComponentEJB</ejb-name>
                <method-intf>Home</method-intf>
                <method-name>*</method-name>
            </method>

        </method-permission>

        <!-- Transaction Attributes -->

        <container-transaction>
            <method>
                <ejb-name>PartnerComponentEJB</ejb-name>
                <method-name>*</method-name>
            </method>
            <trans-attribute>Required</trans-attribute>
        </container-transaction>

    </assembly-descriptor>


</ejb-jar>