<?xml version="1.0"?>
<!--
 Copyright (c) 2004-2005, Novascope S.A. and the JOSSO team
 All rights reserved.
 Redistribution and use in source and binary forms, with or
 without modification, are permitted provided that the following
 conditions are met:

 * Redistributions of source code must retain the above copyright
   notice, this list of conditions and the following disclaimer.

 * Redistributions in binary form must reproduce the above copyright
   notice, this list of conditions and the following disclaimer in
   the documentation and/or other materials provided with the
   distribution.

 * Neither the name of the JOSSO team nor the names of its
   contributors may be used to endorse or promote products derived
   from this software without specific prior written permission.

 THIS SOFTWARE IS PROVIDED BY THE COPYRIGHT HOLDERS AND
 CONTRIBUTORS "AS IS" AND ANY EXPRESS OR IMPLIED WARRANTIES,
 INCLUDING, BUT NOT LIMITED TO, THE IMPLIED WARRANTIES OF
 MERCHANTABILITY AND FITNESS FOR A PARTICULAR PURPOSE ARE
 DISCLAIMED. IN NO EVENT SHALL THE COPYRIGHT OWNER OR CONTRIBUTORS
 BE LIABLE FOR ANY DIRECT, INDIRECT, INCIDENTAL, SPECIAL,
 EXEMPLARY, OR CONSEQUENTIAL DAMAGES (INCLUDING, BUT NOT LIMITED
 TO, PROCUREMENT OF SUBSTITUTE GOODS OR SERVICES; LOSS OF USE,
 DATA, OR PROFITS; OR BUSINESS INTERRUPTION) HOWEVER CAUSED AND ON
 ANY THEORY OF LIABILITY, WHETHER IN CONTRACT, STRICT LIABILITY,
 OR TORT (INCLUDING NEGLIGENCE OR OTHERWISE) ARISING IN ANY WAY
 OUT OF THE USE OF THIS SOFTWARE, EVEN IF ADVISED OF THE
 POSSIBILITY OF SUCH DAMAGE.
-->
<project name="jboss32">

    <description>
        JBOSS 3.2.x Installation/Deploy targets
    </description>

    <target name="check-jboss32">
        <property environment="env"/>
        <fail unless="env.JBOSS_HOME">JBoss not found</fail>

        <condition property="jboss_instance" value="all">
          <equals arg1="all" arg2="${env.JBOSS_INSTANCE}"/>
        </condition>
        <condition property="jboss_instance" value="minimal">
          <equals arg1="minimal" arg2="${env.JBOSS_INSTANCE}"/>
        </condition>
        <condition property="jboss_instance" value="default">
          <not>
            <or>
              <equals arg1="all" arg2="${jboss_instance}"/>
              <equals arg1="minimal" arg2="${jboss_instance}"/>
            </or>
          </not>
        </condition>
    </target>

    <!-- Install libs in JBoss -->
    <target name="install-jboss32" depends="check-jboss32,prepare">
        <echo>======================================================================
               Installing JOSSO required libs for JBOSS 3.2.x
======================================================================
 Information:
   - JBOSS_HOME ... [${env.JBOSS_HOME}]
======================================================================
        </echo>
        <!-- copy those files that need to be in the Catalina classpath -->
        <echo message="Installaling required libs in $JBOSS_HOME..."/>
        <copy file="${lib.core}/commons-lang-2.0.jar" todir="${env.JBOSS_HOME}/server/${jboss_instance}/deploy/jbossweb-tomcat50.sar"/>
        <copy file="${lib.core}/commons-configuration-1.0-rc1.jar" todir="${env.JBOSS_HOME}/server/${jboss_instance}/deploy/jbossweb-tomcat50.sar"/>
        <copy file="${lib.core}/saaj.jar" todir="${env.JBOSS_HOME}/server/${jboss_instance}/deploy/jbossweb-tomcat50.sar"/>
        <copy file="${lib.core}/commons-discovery.jar" todir="${env.JBOSS_HOME}/server/${jboss_instance}/deploy/jbossweb-tomcat50.sar"/>
        <copy file="${lib.core}/jaxrpc.jar" todir="${env.JBOSS_HOME}/server/${jboss_instance}/deploy/jbossweb-tomcat50.sar"/>
        <copy file="${lib.core}/wsdl4j.jar" todir="${env.JBOSS_HOME}/server/${jboss_instance}/deploy/jbossweb-tomcat50.sar"/>
        <copy file="${lib.core}/axis.jar" todir="${env.JBOSS_HOME}/server/${jboss_instance}/deploy/jbossweb-tomcat50.sar"/>
        <copy file="${lib.core}/commons-httpclient-3.0-alpha1.jar" todir="${env.JBOSS_HOME}/server/${jboss_instance}/deploy/jbossweb-tomcat50.sar"/>
        <copy file="${lib.core}/commons-codec-1.2.jar" todir="${env.JBOSS_HOME}/server/${jboss_instance}/deploy/jbossweb-tomcat50.sar"/>
        <!-- Its already in the Tomcat Service class path -->
        <copy file="${lib.core}/commons-collections-3.1.jar" todir="${env.JBOSS_HOME}/server/${jboss_instance}/deploy/jbossweb-tomcat50.sar"/>
        <echo message="Installation done."/>
    </target>

    <target name="deploy-jboss32" depends="check-jboss32,ear" description="Deploys JOSSO on JBoss">
        <!-- delete any previous josso files -->
        <echo>======================================================================
                     Deploying JOSSO in JBOSS 3.2.x
======================================================================
 Information:
   - JBOSS_HOME ... [${env.JBOSS_HOME}]
======================================================================
        </echo>
        <delete>
            <fileset dir="${env.JBOSS_HOME}/server/${jboss_instance}/deploy/jbossweb-tomcat50.sar/" includes="${name}-*.jar"/>
        </delete>

        <copy file="${build.ear}" todir="${env.JBOSS_HOME}/server/${jboss_instance}/deploy"/>
        <copy file="${build}/${name}-${version}.jar" tofile="${env.JBOSS_HOME}/server/${jboss_instance}/deploy/jbossweb-tomcat50.sar/${name}-${version}.jar"/>
        <copy file="${build}/${name}-common-${version}.jar" tofile="${env.JBOSS_HOME}/server/${jboss_instance}/deploy/jbossweb-tomcat50.sar/${name}-common-${version}.jar"/>
        <copy file="${build}/${name}-common-${version}.jar" tofile="${env.JBOSS_HOME}/server/${jboss_instance}/deploy/jbossweb-tomcat50.sar/${name}-common-${version}.jar"/>
        <!-- JOSSO JBoss 3.2 plugin -->
        <copy file="${build}/plugins/${name}-tomcat50-plugin-${version}.jar" tofile="${env.JBOSS_HOME}/server/${jboss_instance}/deploy/jbossweb-tomcat50.sar/${name}-tomcat50-plugin-${version}.jar"/>
        <copy file="${build}/plugins/${name}-jboss32-plugin-${version}.jar" tofile="${env.JBOSS_HOME}/server/${jboss_instance}/deploy/jbossweb-tomcat50.sar/${name}-jboss32-plugin-${version}.jar"/>

    </target>

    <target name="deploy-samples-jboss32" depends="check-jboss32,ear">
        <copy file="${build.samples.war}" todir="${env.JBOSS_HOME}/server/${jboss_instance}/deploy"/>
    </target>

</project>
