<?xml version="1.0" encoding="ISO-8859-1" ?>
<domain>
    <name>HelloDomain</name>
    <type>web</type>

    <!--sso-web-config-->

        <!-- Optional : The URL where the user will be redirected after a successfull login only if josso_back_to request parameter
        is not present when accessing the login url
        <loginBackToURL>http://localhost:8080/partnerapp/protected/</loginBackToURL>
        -->

        <!-- Optional : The URL where the user will be redirected after a logout only if josso_back_to is not present
        when accessing the logout url
        <logoutBackToURL>http://localhost:8080/partnerapp/protected/</logoutBackToURL>
        -->

        <!-- Session token properties -->
        <!--session-token-->

            <!-- Optional : Associate the session token to a specific domain,
            The domain must have at least two dots, according to the

            <scope>josso.org</scope>
            -->
            <!-- Optional : Use a secure session token, a secure channel like SSL must be available for this to work
            <secure>false</secure>
            -->


        <!--/session-token-->

    <!--/sso-web-config-->

    <authenticator>
        <class>org.josso.auth.AuthenticatorImpl</class>
        <authentication-schemes>
            <!-- Basic Authentication Scheme -->
            <authentication-scheme>
                <name>basic-authentication</name>
                <class>org.josso.auth.scheme.UsernamePasswordAuthScheme</class>

                <!--
                The message digest algorithm to be used when hashing passwords.
                This must be an algorithm supported by the java.security.MessageDigest class
                on your platform.

                In J2SE 1.4.2 you can check :
                  Java Cryptography Architecture API Specification & Reference - Apendix B : Algorithms
                  Values are : MD2, MD5, SHA-1, SHA-256, SHA-384, SHA-512
                -->
                <hashAlgorithm>MD5</hashAlgorithm>

                <!-- Supported values are HEX, BASE64. Mandatory if hashAlgorithm was specified -->
                <hashEncoding>HEX</hashEncoding>
                <ignorePasswordCase>false</ignorePasswordCase>
                <ignoreUserCase>false</ignoreUserCase>

                <!-- ========================================================= -->
                <!-- JDBC Credential Store                                     -->
                <!--                                                           -->
                <!-- Always scape comma chars [,] in queries because           -->
                <!-- jakarta commons-configuration uses them to define arrays. -->
                <!-- ========================================================= -->
                <!--
                <credential-store>
                    <class>org.josso.gateway.identity.service.store.db.JDBCIdentityStore</class>

                    <credentialsQueryString>
                        <![CDATA[
                        SELECT login AS username , password AS password FROM josso_user WHERE login = ?
                    ]]>
                    </credentialsQueryString>
                    <connectionName>josso</connectionName>
                    <connectionPassword>josso</connectionPassword>
                    <connectionURL>jdbc:oracle:thin:@130.5.5.1:1521:iasdb</connectionURL>
                    <driverName>oracle.jdbc.driver.OracleDriver</driverName>
                </credential-store>
                <credential-store>
                    <class>org.josso.gateway.identity.service.store.db.DataSourceIdentityStore</class>

                    <credentialsQueryString>
                        <![CDATA[
                        SELECT login AS username , password AS password FROM josso_user WHERE login = ?
                    ]]>
                    </credentialsQueryString>
                    <dsJndiName>java:jdbc/JossoSamplesDB</dsJndiName>
                </credential-store>
                -->

                <!-- ================================================= -->
                <!-- LDAP Credential Store                             -->
                <!--                                                   -->
                <!-- Always scape comma chars [,] because              -->
                <!-- jakarta commons-configuration uses them to define arrays. -->
                <!-- ================================================= -->
                <!--
                <credential-store>
                    <class>org.josso.gateway.identity.service.store.ldap.LDAPIdentityStore</class>
                    <initialContextFactory>com.sun.jndi.ldap.LdapCtxFactory</initialContextFactory>
                    <providerUrl>ldap://ldaphost</providerUrl>
                    <securityPrincipal>cn=Manager,dc=my-domain,dc=com</securityPrincipal>
                    <securityCredential>secret</securityCredential>
                    <securityAuthentication>simple</securityAuthentication>
                    <usersCtxDN>ou=People,dc=my-domain,dc=com</usersCtxDN>
                    <principalUidAttributeID>uid</principalUidAttributeID>
                    <rolesCtxDN>ou=Roles,dc=my-domain,dc=com</rolesCtxDN>
                    <uidAttributeID>uniquemember</uidAttributeID>
                    <roleAttributeID>cn</roleAttributeID>
                    <credentialQueryString>uid=username,userPassword=password</credentialQueryString>
                    <userPropertiesQueryString>mail=mail,cn=description</userPropertiesQueryString>
                </credential-store>
                -->

                <!-- ================================================= -->
                <!-- Memory Credential Store                           -->
                <!-- ================================================= -->
                <credential-store>
                    <class>org.josso.gateway.identity.service.store.MemoryIdentityStore</class>
                    <credentialsFileName>josso-credentials.xml</credentialsFileName>
                </credential-store>

                <!-- ================================================= -->
                <!-- Credential Store Key adapter                      -->
                <!-- ================================================= -->
                <credential-store-key-adapter>
                    <class>org.josso.gateway.identity.service.store.SimpleIdentityStoreKeyAdapter</class>
                </credential-store-key-adapter>

            </authentication-scheme>

            <!-- Strong Authentication Scheme -->
            <authentication-scheme>
                <name>strong-authentication</name>
                <class>org.josso.auth.scheme.X509CertificateAuthScheme</class>

                <!-- ========================================================= -->
                <!-- JDBC Credential Store                                     -->
                <!--                                                           -->
                <!-- Always scape comma chars [,] in queries because           -->
                <!-- jakarta commons-configuration uses them to define arrays. -->
                <!-- ========================================================= -->
                <!--
                <credential-store>
                    <class>org.josso.gateway.identity.service.store.db.JDBCIdentityStore</class>

                    <credentialsQueryString>
                        <![CDATA[
                        SELECT login AS username , password AS password FROM josso_user WHERE login = ?
                    ]]>
                    </credentialsQueryString>
                    <connectionName>josso</connectionName>
                    <connectionPassword>josso</connectionPassword>
                    <connectionURL>jdbc:oracle:thin:@130.5.5.1:1521:iasdb</connectionURL>
                    <driverName>oracle.jdbc.driver.OracleDriver</driverName>
                </credential-store>
                -->

                <!-- ================================================= -->
                <!-- LDAP Credential Store                             -->
                <!--                                                   -->
                <!-- Always scape comma chars [,] because              -->
                <!-- jakarta commons-configuration uses them to define arrays. -->
                <!-- ================================================= -->
                <!--
                <credential-store>
                    <class>org.josso.gateway.identity.service.store.ldap.LDAPIdentityStore</class>
                    <initialContextFactory>com.sun.jndi.ldap.LdapCtxFactory</initialContextFactory>
                    <providerUrl>ldap://ldaphost</providerUrl>
                    <securityPrincipal>cn=Manager,dc=my-domain,dc=com</securityPrincipal>
                    <securityCredential>secret</securityCredential>
                    <securityAuthentication>simple</securityAuthentication>
                    <usersCtxDN>ou=People,dc=my-domain,dc=com</usersCtxDN>
                    <principalUidAttributeID>uid</principalUidAttributeID>
                    <rolesCtxDN>ou=Roles,dc=my-domain,dc=com</rolesCtxDN>
                    <uidAttributeID>uniquemember</uidAttributeID>
                    <roleAttributeID>cn</roleAttributeID>
                    <credentialQueryString>uid=username,userCertificate;binary=userCertificate</credentialQueryString>
                    <userPropertiesQueryString>mail=mail,cn=description</userPropertiesQueryString>
                </credential-store>
                -->

                <!-- ================================================= -->
                <!-- Memory Credential Store                           -->
                <!-- ================================================= -->
                <credential-store>
                    <class>org.josso.gateway.identity.service.store.MemoryIdentityStore</class>
                    <credentialsFileName>josso-credentials.xml</credentialsFileName>
                </credential-store>

                <!-- ================================================= -->
                <!-- Credential Store Key adapter                      -->
                <!-- ================================================= -->
                <credential-store-key-adapter>
                    <class>org.josso.gateway.identity.service.store.SimpleIdentityStoreKeyAdapter</class>
                </credential-store-key-adapter>

            </authentication-scheme>
        </authentication-schemes>
    </authenticator>

    <sso-identity-manager>

        <class>org.josso.gateway.identity.service.SSOIdentityManagerImpl</class>

        <!-- ========================================================= -->
        <!-- DataSource Identity Store                                 -->
        <!--                                                           -->
        <!-- Always scape comma chars [,] in queries because           -->
        <!-- jakarta commons-configuration uses them to define arrays. -->
        <!-- ========================================================= -->
        <!--
        <sso-identity-store>
            <class>org.josso.gateway.identity.service.store.db.DataSourceIdentityStore</class>

            <userQueryString>
                <![CDATA[
                SELECT login FROM josso_user WHERE login = ?
            ]]>
            </userQueryString>
            <userPropertiesQueryString>
                <![CDATA[
                SELECT 'user.description' AS name , description AS value FROM josso_user WHERE login = ?
                UNION
                SELECT name AS name ,  value AS value FROM josso_user_property WHERE login = ?
                ]]>
            </userPropertiesQueryString>
            <rolesQueryString>
                <![CDATA[
                    SELECT josso_role.name FROM josso_role , josso_user_role , josso_user WHERE josso_user.login = ? AND josso_user.login = josso_user_role.login AND josso_role.name = josso_user_role.name
                ]]>
            </rolesQueryString>

            <dsJndiName>java:jdbc/JossoSamplesDB</dsJndiName>
        </sso-identity-store>
        -->
        <!-- ========================================================= -->
        <!-- JDBC Identity Store                                       -->
        <!--                                                           -->
        <!-- Always scape comma chars [,] in queries because           -->
        <!-- jakarta commons-configuration uses them to define arrays. -->
        <!-- ========================================================= -->

        <!--sso-identity-store>
            <class>org.josso.gateway.identity.service.store.db.JDBCIdentityStore</class>

            <userQueryString>
                <![CDATA[
                SELECT login FROM josso_user WHERE login = ?
            ]]>
            </userQueryString>

            You could use a UNION to select properties from different tables/columns :
            SELECT 'user.lastName' AS name ,  lastName AS value FROM josso_user WHERE login = ?
            UNION
            SELECT 'user.name' AS name ,  name AS value FROM josso_user WHERE login = ?
            UNION
            SELECT name AS name ,  value AS value FROM josso_user_properties WHERE login = ?

            <userPropertiesQueryString>
                <![CDATA[
                SELECT 'user.description' AS name , description AS value FROM josso_user WHERE login = ?
                UNION
                SELECT name AS name ,  value AS value FROM josso_user_property WHERE login = ?
                ]]>
            </userPropertiesQueryString>
            <rolesQueryString>
                <![CDATA[
                    SELECT josso_role.name FROM josso_role , josso_user_role , josso_user WHERE josso_user.login = ? AND josso_user.login = josso_user_role.login AND josso_role.name = josso_user_role.name
                ]]>
            </rolesQueryString>
            <connectionName>josso</connectionName>
            <connectionPassword>josso</connectionPassword>
            <connectionURL>jdbc:oracle:thin:@130.5.5.1:1521:iasdb</connectionURL>
            <driverName>oracle.jdbc.driver.OracleDriver</driverName>
        </sso-identity-store-->

        <!-- ================================================= -->
        <!-- LDAP Identity Store                               -->
        <!-- =================================================
        <sso-identity-store>
            <class>org.josso.gateway.identity.service.store.ldap.LDAPIdentityStore</class>
            <initialContextFactory>com.sun.jndi.ldap.LdapCtxFactory</initialContextFactory>
            <providerUrl>ldap://ldaphost</providerUrl>
            <securityPrincipal>cn=Manager,dc=my-domain,dc=com</securityPrincipal>
            <securityCredential>secret</securityCredential>
            <securityAuthentication>simple</securityAuthentication>
            <usersCtxDN>ou=People,dc=my-domain,dc=com</usersCtxDN>
            <principalUidAttributeID>uid</principalUidAttributeID>
            <rolesCtxDN>ou=Roles,dc=my-domain,dc=com</rolesCtxDN>
            <uidAttributeID>uniquemember</uidAttributeID>
            <roleAttributeID>cn</roleAttributeID>
            <credentialQueryString>uid=username,userPassword=password</credentialQueryString>
            <userPropertiesQueryString>mail=mail,cn=description</userPropertiesQueryString>
        </sso-identity-store>
        -->
        <!-- ================================================= -->
        <!-- Memory Identity Store                             -->
        <!-- ================================================= -->
        <sso-identity-store>
            <class>org.josso.gateway.identity.service.store.MemoryIdentityStore</class>
            <usersFileName>josso-users.xml</usersFileName>
        </sso-identity-store>

        <!-- ================================================= -->
        <!-- Identity Store Key adapter                        -->
        <!-- ================================================= -->
        <sso-identity-store-key-adapter>
            <class>org.josso.gateway.identity.service.store.SimpleIdentityStoreKeyAdapter</class>
        </sso-identity-store-key-adapter>

    </sso-identity-manager>

    <sso-session-manager>

        <class>org.josso.gateway.session.service.SSOSessionManagerImpl</class>

        <!--
        Set the maximum time interval, in minutes, between client requests before the SSO Service will invalidate
        the session. A negative time indicates that the session should never time out.
        -->
        <maxInactiveInterval>30</maxInactiveInterval>

        <!-- Max number of sessions per user, default 1
        A negative value indicates that an unlimited number of sessions per user is allowed. 
        -->
        <maxSessionsPerUser>-1</maxSessionsPerUser>
        <!--
        If true, when the max number of sessions per user is exceeded,
        an already existing session will be invalidated to create a new one.
        If false, when the max number of sessions per user is exceeded,
        an exception is thrown and the new session is not created.
        -->
        <invalidateExceedingSessions>false</invalidateExceedingSessions>


        <!--
        Time interval, in milliseconds, between exired sessions cleanup.   
        -->
        <sessionMonitorInterval>10000</sessionMonitorInterval>

        <!--
        Session Store implementation which uses Java Serialization to persist Single Sign-On user sessions.
        It allows to reconstruct the session state after a system shutdown.
        -->
        <!--sso-session-store>
            <class>org.josso.gateway.session.service.store.SerializedSessionStore</class>

            file where serialized sessions will be stored (optional)
            <serializedFile>/tmp/sso_sessions.josso</serializedFile>

        </sso-session-store-->

        <sso-session-store>
            <class>org.josso.gateway.session.service.store.MemorySessionStore</class>
        </sso-session-store>

        <sso-session-id-generator>

            <class>org.josso.gateway.session.service.SessionIdGeneratorImpl</class>
            <!--
            The message digest algorithm to be used when generating session
            identifiers.  This must be an algorithm supported by the
            java.security.MessageDigest class on your platform.

            In J2SE 1.4.2 you can check :
              Java Cryptography Architecture API Specification & Reference - Apendix A : Standard Names
              Values are : MD2, MD5, SHA-1, SHA-256, SHA-384, SHA-512
            -->
            <algorithm>MD5</algorithm>

        </sso-session-id-generator>

    </sso-session-manager>

</domain>
