<?xml version="1.0" encoding="ISO-8859-1" ?>
<!--
 Copyright (c) 2004-2005, Novascope S.A. and the JOSSO team
 All rights reserved.
 Redistribution and use in source and binary forms, with or
 without modification, are permitted provided that the following
 conditions are met:

 * Redistributions of source code must retain the above copyright
   notice, this list of conditions and the following disclaimer.

 * Redistributions in binary form must reproduce the above copyright
   notice, this list of conditions and the following disclaimer in
   the documentation and/or other materials provided with the
   distribution.

 * Neither the name of the JOSSO team nor the names of its
   contributors may be used to endorse or promote products derived
   from this software without specific prior written permission.

 THIS SOFTWARE IS PROVIDED BY THE COPYRIGHT HOLDERS AND
 CONTRIBUTORS "AS IS" AND ANY EXPRESS OR IMPLIED WARRANTIES,
 INCLUDING, BUT NOT LIMITED TO, THE IMPLIED WARRANTIES OF
 MERCHANTABILITY AND FITNESS FOR A PARTICULAR PURPOSE ARE
 DISCLAIMED. IN NO EVENT SHALL THE COPYRIGHT OWNER OR CONTRIBUTORS
 BE LIABLE FOR ANY DIRECT, INDIRECT, INCIDENTAL, SPECIAL,
 EXEMPLARY, OR CONSEQUENTIAL DAMAGES (INCLUDING, BUT NOT LIMITED
 TO, PROCUREMENT OF SUBSTITUTE GOODS OR SERVICES; LOSS OF USE,
 DATA, OR PROFITS; OR BUSINESS INTERRUPTION) HOWEVER CAUSED AND ON
 ANY THEORY OF LIABILITY, WHETHER IN CONTRACT, STRICT LIABILITY,
 OR TORT (INCLUDING NEGLIGENCE OR OTHERWISE) ARISING IN ANY WAY
 OUT OF THE USE OF THIS SOFTWARE, EVEN IF ADVISED OF THE
 POSSIBILITY OF SUCH DAMAGE.
-->

<!DOCTYPE struts-config PUBLIC
          "-//Apache Software Foundation//DTD Struts Configuration 1.1//EN"
          "http://jakarta.apache.org/struts/dtds/struts-config_1_1.dtd">

<struts-config>

    <!-- ======================================================= -->
    <!-- Forms used by different authentication schemes -->
    <!-- ======================================================= -->
    <form-beans>
        <form-bean name="usernamePasswordLoginForm" type="org.apache.struts.validator.DynaValidatorForm">
            <form-property name="josso_username" type="java.lang.String"/>
            <form-property name="josso_password" type="java.lang.String"/>
            <form-property name="josso_cmd" type="java.lang.String"/>
        </form-bean>

        <!-- New forms needed for other auth. schemes go here -->

    </form-beans>

    <!-- ======================================================= -->
    <!-- Global forwards common to all auth. schemes -->
    <!-- ======================================================= -->
    <global-forwards>

        <forward name="josso" path="http://www.josso.org" redirect="yes"/>

        <!-- Login entry point -->
        <forward name="login" path="/signon/login.do" />
        <forward name="logout" path="/signon/logout.do" />
        <forward name="info" path="/signon/info.do" />
        
        <!-- This forwards use struts tiles deffinitions ... -->
        <!-- Login result, use a tile name defined in tiles-signon.xml instead of a .jsp file name -->
        <forward name="login-result" path="josso.signon.loginResult" />
        <!-- General error page, use a tile name defined in tiles-signon.xml instead of a .jsp file name -->
        <forward name="error" path="josso.signon.error" />

    </global-forwards>
    
    <!-- ======================================================= -->
    <!-- Action mappings                                         -->
    <!-- ======================================================= -->
    <action-mappings >

        <!--
        Generic entry point to SSO login, this action will redirect to the propper action
        based on the configured authentication scheme.
        -->
        <action path="/signon/login"
            type="org.josso.gateway.signon.LoginSelectorAction">
            <!-- Different login for each authentication scheme -->
            <forward name="username-password" path="/signon/usernamePasswordLogin.do"/>
            <!-- Other auth.scheme login pages go here -->
            <!--forward name="strong-authentication" path="8443/josso/signon/strongAuthenticationLogin.do"/-->
            <forward name="strong-authentication" path="/josso/signon/strongAuthenticationLogin.do"/>
        </action>

        <action path="/signon/logout"
            type="org.josso.gateway.signon.LogoutAction">
            <forward name="success" path="/signon/login.do"/>
        </action>

        <action path="/signon/info"
            type="org.josso.gateway.signon.InfoAction">
            <!-- use a tile name defined in tiles-signon.xml instead of a .jsp file name -->
            <forward name="success" path="josso.signon.info"/>
        </action>

        <!-- ======================================================= -->
        <!-- Specific action mappings for different auth schemes.    -->
        <!-- ======================================================= -->

        <!-- Struts action used for username-password authentication scheme -->
        <action path="/signon/usernamePasswordLogin"
            type="org.josso.gateway.signon.UsernamePasswordLoginAction"
            name="usernamePasswordLoginForm"
            validate="false">
            <!-- use a tile name defined in tiles-signon.xml instead of a .jsp file name -->
            <forward name="login-page" path="josso.signon.usernamePasswordLogin"/>
        </action>

        <!-- Struts action used for strong authentication scheme -->
        <action path="/signon/strongAuthenticationLogin"
            type="org.josso.gateway.signon.StrongLoginAction"
            name="strongAuthenticationLogin"
            validate="false">
            <!-- use a tile name defined in tiles-signon.xml instead of a .jsp file name -->
            <forward name="login-page" path="josso.signon.usernamePasswordLogin"/>
        </action>
        <!-- New actions needed for other auth.schemes go here -->

    </action-mappings>

    <!-- ======================================================= -->
    <!-- Tiles plug-in setting settings                          -->
    <!-- Here we specified the tiles plug-in.                    -->
    <!-- This plug-in register appropriate Request Processor     -->
    <!-- ======================================================= -->
    <controller processorClass="org.apache.struts.tiles.TilesRequestProcessor"
        inputForward="true"
        nocache="true"/>

    <!-- ======================================================= -->
    <!-- Associated Messages Ressource settings                  -->
    <!-- ======================================================= -->
    <message-resources null="false"
        parameter="ApplicationResources"/>

    <!-- ======================================================= -->
    <!-- Struts Plug-ins                                         -->
    <!-- ======================================================= -->

    <!-- Tiles plugin : Some parameters are defined at web.xml  -->
    <plug-in className="org.apache.struts.tiles.TilesPlugin">
        <set-property property="moduleAware" value="true"/>
    </plug-in>


</struts-config>
