
INSERT INTO AM_COMUNE ( BELFIORE, DESCRIZIONE ) VALUES ( 'F205', 'Milano' );
INSERT INTO AM_COMUNE ( BELFIORE, DESCRIZIONE ) VALUES ( 'F704', 'Monza' );

INSERT INTO AM_INSTANCE(NAME, FK_AM_APPLICATION) VALUES ('IstanzaLocale','PortaleServizi');
INSERT INTO AM_INSTANCE(NAME, FK_AM_APPLICATION) VALUES ('IstanzaProduzione','PortaleServizi');

INSERT INTO AM_INSTANCE_COMUNE(FK_AM_COMUNE, FK_AM_INSTANCE) VALUES ('F704','IstanzaLocale');
INSERT INTO AM_INSTANCE_COMUNE(FK_AM_COMUNE, FK_AM_INSTANCE) VALUES ('F205','IstanzaProduzione');



INSERT INTO AM_APPLICATION ( NAME, URL, APP_TYPE, APP_CATEGORY ) VALUES ( 'PortaleServizi','www.cbmonline.it', 'Portale', 0 );
INSERT INTO AM_APPLICATION ( NAME, URL, APP_TYPE, APP_CATEGORY ) VALUES ( 'AMProfiler',null, 'AMProfiler', 0 );


INSERT INTO AM_ITEM ( NAME ) VALUES ( 'AMProfiler' );
INSERT INTO AM_ITEM ( NAME ) VALUES ( 'PermessoZtl' );
INSERT INTO AM_ITEM ( NAME ) VALUES ( 'PermessoCircolazione' );
INSERT INTO AM_ITEM ( NAME ) VALUES ( 'ContrassegnoDisabili' );
INSERT INTO AM_ITEM ( NAME ) VALUES ( 'Servizio 4' );
INSERT INTO AM_ITEM ( NAME ) VALUES ( 'Servizio 5' );
INSERT INTO AM_ITEM ( NAME ) VALUES ( 'Servizio 6' );
INSERT INTO AM_ITEM ( NAME ) VALUES ( 'Servizio 7' );

INSERT INTO AM_PERMISSION ( NAME, FK_AM_ITEM ) VALUES ( 'S1 Permesso 1', 'PermessoZtl' );
INSERT INTO AM_PERMISSION ( NAME, FK_AM_ITEM ) VALUES ( 'S1 Permesso 2', 'PermessoZtl' );
INSERT INTO AM_PERMISSION ( NAME, FK_AM_ITEM ) VALUES ( 'S1 Permesso 3', 'PermessoZtl' );
INSERT INTO AM_PERMISSION ( NAME, FK_AM_ITEM ) VALUES ( 'S1 Permesso 4', 'PermessoZtl' );
INSERT INTO AM_PERMISSION ( NAME, FK_AM_ITEM ) VALUES ( 'S2 Permesso 1', 'PermessoCircolazione' );
INSERT INTO AM_PERMISSION ( NAME, FK_AM_ITEM ) VALUES ( 'S2 Permesso 2', 'PermessoCircolazione' );
INSERT INTO AM_PERMISSION ( NAME, FK_AM_ITEM ) VALUES ( 'S3 Permesso 1', 'ContrassegnoDisabili' );
INSERT INTO AM_PERMISSION ( NAME, FK_AM_ITEM ) VALUES ( 'S3 Permesso 2', 'ContrassegnoDisabili' );
INSERT INTO AM_PERMISSION ( NAME, FK_AM_ITEM ) VALUES ( 'S4 Permesso 1', 'Servizio 4' );
INSERT INTO AM_PERMISSION ( NAME, FK_AM_ITEM ) VALUES ( 'S4 Permesso 2', 'Servizio 4' );
INSERT INTO AM_PERMISSION ( NAME, FK_AM_ITEM ) VALUES ( 'S5 Permesso 1', 'Servizio 5' );
INSERT INTO AM_PERMISSION ( NAME, FK_AM_ITEM ) VALUES ( 'S5 Permesso 2', 'Servizio 5' );
INSERT INTO AM_PERMISSION ( NAME, FK_AM_ITEM ) VALUES ( 'S6 Permesso 1', 'Servizio 6' );
INSERT INTO AM_PERMISSION ( NAME, FK_AM_ITEM ) VALUES ( 'S6 Permesso 2', 'Servizio 6' );
INSERT INTO AM_PERMISSION ( NAME, FK_AM_ITEM ) VALUES ( 'S7 Permesso 1', 'Servizio 7' );
INSERT INTO AM_PERMISSION ( NAME, FK_AM_ITEM ) VALUES ( 'S7 Permesso 2', 'Servizio 7' );
INSERT INTO AM_PERMISSION ( NAME, FK_AM_ITEM ) VALUES ( 'S7 Permesso 3', 'Servizio 7' );


INSERT INTO AM_ROLE ( NAME ) VALUES ( 'Base' );
INSERT INTO AM_ROLE ( NAME ) VALUES ( 'Avanzato' );
INSERT INTO AM_ROLE ( NAME ) VALUES ( 'Manager' );


INSERT INTO AM_APPLICATION_ITEM ( ID, FK_AM_ITEM, FK_AM_APPLICATION ) VALUES ( 1, 'PermessoZtl',  'PortaleServizi' );
INSERT INTO AM_APPLICATION_ITEM ( ID, FK_AM_ITEM, FK_AM_APPLICATION ) VALUES ( 2, 'PermessoCircolazione',  'PortaleServizi' );
INSERT INTO AM_APPLICATION_ITEM ( ID, FK_AM_ITEM, FK_AM_APPLICATION ) VALUES ( 3, 'ContrassegnoDisabili',  'PortaleServizi' );
INSERT INTO AM_APPLICATION_ITEM ( ID, FK_AM_ITEM, FK_AM_APPLICATION ) VALUES ( 4, 'Servizio 4',  'PortaleServizi' );
INSERT INTO AM_APPLICATION_ITEM ( ID, FK_AM_ITEM, FK_AM_APPLICATION ) VALUES ( 5, 'Servizio 5',  'PortaleServizi' );
INSERT INTO AM_APPLICATION_ITEM ( ID, FK_AM_ITEM, FK_AM_APPLICATION ) VALUES ( 6, 'Servizio 6',  'PortaleServizi' );
INSERT INTO AM_APPLICATION_ITEM ( ID, FK_AM_ITEM, FK_AM_APPLICATION ) VALUES ( 7, 'Servizio 7',  'PortaleServizi' );

INSERT INTO AM_APPLICATION_ITEM ( ID, FK_AM_ITEM, FK_AM_APPLICATION ) VALUES ( 10, 'AMProfiler',  'AMProfiler' );



INSERT INTO AM_AI_ROLE ( ID, FK_AM_APPLICATION_ITEM, FK_AM_ROLE ) VALUES ( 1, 1, 'Base' );
INSERT INTO AM_AI_ROLE ( ID, FK_AM_APPLICATION_ITEM, FK_AM_ROLE ) VALUES ( 2, 2, 'Base' );

INSERT INTO AM_AI_ROLE ( ID, FK_AM_APPLICATION_ITEM, FK_AM_ROLE ) VALUES ( 15, 1, 'Avanzato' );
INSERT INTO AM_AI_ROLE ( ID, FK_AM_APPLICATION_ITEM, FK_AM_ROLE ) VALUES ( 16, 2, 'Avanzato' );
INSERT INTO AM_AI_ROLE ( ID, FK_AM_APPLICATION_ITEM, FK_AM_ROLE ) VALUES ( 17, 3, 'Avanzato' );
INSERT INTO AM_AI_ROLE ( ID, FK_AM_APPLICATION_ITEM, FK_AM_ROLE ) VALUES ( 18, 4, 'Avanzato' );

INSERT INTO AM_AI_ROLE ( ID, FK_AM_APPLICATION_ITEM, FK_AM_ROLE ) VALUES ( 22, 1, 'Manager' );
INSERT INTO AM_AI_ROLE ( ID, FK_AM_APPLICATION_ITEM, FK_AM_ROLE ) VALUES ( 23, 2, 'Manager' );
INSERT INTO AM_AI_ROLE ( ID, FK_AM_APPLICATION_ITEM, FK_AM_ROLE ) VALUES ( 24, 3, 'Manager' );
INSERT INTO AM_AI_ROLE ( ID, FK_AM_APPLICATION_ITEM, FK_AM_ROLE ) VALUES ( 25, 4, 'Manager' );
INSERT INTO AM_AI_ROLE ( ID, FK_AM_APPLICATION_ITEM, FK_AM_ROLE ) VALUES ( 26, 5, 'Manager' );
INSERT INTO AM_AI_ROLE ( ID, FK_AM_APPLICATION_ITEM, FK_AM_ROLE ) VALUES ( 27, 6, 'Manager' );
INSERT INTO AM_AI_ROLE ( ID, FK_AM_APPLICATION_ITEM, FK_AM_ROLE ) VALUES ( 28, 7, 'Manager' );

INSERT INTO AM_AI_ROLE ( ID, FK_AM_APPLICATION_ITEM, FK_AM_ROLE ) VALUES ( 30, 10, 'Manager' );


INSERT INTO AM_PERMISSION_AIR ( FK_AM_PERMISSION, FK_AM_AI_ROLE ) VALUES ( 'S1 Permesso 1',  1 );
INSERT INTO AM_PERMISSION_AIR ( FK_AM_PERMISSION, FK_AM_AI_ROLE ) VALUES ( 'S2 Permesso 1',  2 );

INSERT INTO AM_PERMISSION_AIR ( FK_AM_PERMISSION, FK_AM_AI_ROLE ) VALUES ( 'S1 Permesso 1',  15 );
INSERT INTO AM_PERMISSION_AIR ( FK_AM_PERMISSION, FK_AM_AI_ROLE ) VALUES ( 'S1 Permesso 2',  15 );
INSERT INTO AM_PERMISSION_AIR ( FK_AM_PERMISSION, FK_AM_AI_ROLE ) VALUES ( 'S2 Permesso 1',  16 );
INSERT INTO AM_PERMISSION_AIR ( FK_AM_PERMISSION, FK_AM_AI_ROLE ) VALUES ( 'S2 Permesso 2',  16 );
INSERT INTO AM_PERMISSION_AIR ( FK_AM_PERMISSION, FK_AM_AI_ROLE ) VALUES ( 'S3 Permesso 1',  17 );
INSERT INTO AM_PERMISSION_AIR ( FK_AM_PERMISSION, FK_AM_AI_ROLE ) VALUES ( 'S3 Permesso 2',  17 );
INSERT INTO AM_PERMISSION_AIR ( FK_AM_PERMISSION, FK_AM_AI_ROLE ) VALUES ( 'S4 Permesso 1',  18 );
INSERT INTO AM_PERMISSION_AIR ( FK_AM_PERMISSION, FK_AM_AI_ROLE ) VALUES ( 'S4 Permesso 2',  18 );

INSERT INTO AM_PERMISSION_AIR ( FK_AM_PERMISSION, FK_AM_AI_ROLE ) VALUES ( 'S1 Permesso 1',  22 );
INSERT INTO AM_PERMISSION_AIR ( FK_AM_PERMISSION, FK_AM_AI_ROLE ) VALUES ( 'S1 Permesso 2',  22 );
INSERT INTO AM_PERMISSION_AIR ( FK_AM_PERMISSION, FK_AM_AI_ROLE ) VALUES ( 'S1 Permesso 3',  22 );
INSERT INTO AM_PERMISSION_AIR ( FK_AM_PERMISSION, FK_AM_AI_ROLE ) VALUES ( 'S1 Permesso 4',  22 );
INSERT INTO AM_PERMISSION_AIR ( FK_AM_PERMISSION, FK_AM_AI_ROLE ) VALUES ( 'S2 Permesso 1',  23 );
INSERT INTO AM_PERMISSION_AIR ( FK_AM_PERMISSION, FK_AM_AI_ROLE ) VALUES ( 'S2 Permesso 2',  23 );
INSERT INTO AM_PERMISSION_AIR ( FK_AM_PERMISSION, FK_AM_AI_ROLE ) VALUES ( 'S3 Permesso 1',  24 );
INSERT INTO AM_PERMISSION_AIR ( FK_AM_PERMISSION, FK_AM_AI_ROLE ) VALUES ( 'S3 Permesso 2',  24 );
INSERT INTO AM_PERMISSION_AIR ( FK_AM_PERMISSION, FK_AM_AI_ROLE ) VALUES ( 'S4 Permesso 1',  25 );
INSERT INTO AM_PERMISSION_AIR ( FK_AM_PERMISSION, FK_AM_AI_ROLE ) VALUES ( 'S4 Permesso 2',  25 );
INSERT INTO AM_PERMISSION_AIR ( FK_AM_PERMISSION, FK_AM_AI_ROLE ) VALUES ( 'S5 Permesso 1',  26 );
INSERT INTO AM_PERMISSION_AIR ( FK_AM_PERMISSION, FK_AM_AI_ROLE ) VALUES ( 'S5 Permesso 2',  26 );
INSERT INTO AM_PERMISSION_AIR ( FK_AM_PERMISSION, FK_AM_AI_ROLE ) VALUES ( 'S6 Permesso 1',  27 );
INSERT INTO AM_PERMISSION_AIR ( FK_AM_PERMISSION, FK_AM_AI_ROLE ) VALUES ( 'S6 Permesso 2',  27 );
INSERT INTO AM_PERMISSION_AIR ( FK_AM_PERMISSION, FK_AM_AI_ROLE ) VALUES ( 'S7 Permesso 1',  28 );
INSERT INTO AM_PERMISSION_AIR ( FK_AM_PERMISSION, FK_AM_AI_ROLE ) VALUES ( 'S7 Permesso 2',  28 );
INSERT INTO AM_PERMISSION_AIR ( FK_AM_PERMISSION, FK_AM_AI_ROLE ) VALUES ( 'S7 Permesso 3',  28 );


INSERT INTO AM_USER ( NAME, PWD ) VALUES ( 'profiler', '308b35b53dfca91ca2ca2b8f450ab382' );
INSERT INTO AM_USER ( NAME, PWD ) VALUES ( 'nicola', 'aebe79a00a0e81dc288034f271d27a13' );
INSERT INTO AM_USER ( NAME, PWD ) VALUES ( 'alessandro', '51af78a02435124ebc225e570e533ac9' );
INSERT INTO AM_USER ( NAME, PWD ) VALUES ( 'andrea', '1c42f9c1ca2f65441465b43cd9339d6c' );
INSERT INTO AM_USER ( NAME, PWD ) VALUES ( 'pietro', '7189dfeac32cea348f25d63eb1f07276' );


INSERT INTO AM_GROUP ( NAME, FK_AM_COMUNE ) VALUES ( 'Group Manager', 'F205' );
INSERT INTO AM_GROUP ( NAME, FK_AM_COMUNE ) VALUES ( 'Group 1', 'F205' );


INSERT INTO AM_USER_GROUP ( FK_AM_USER, FK_AM_GROUP ) VALUES ( 'nicola', 'Group Manager' );
INSERT INTO AM_USER_GROUP ( FK_AM_USER, FK_AM_GROUP ) VALUES ( 'nicola', 'Group 1' );

INSERT INTO AM_USER_GROUP ( FK_AM_USER, FK_AM_GROUP ) VALUES ( 'alessandro', 'Group Manager' );
INSERT INTO AM_USER_GROUP ( FK_AM_USER, FK_AM_GROUP ) VALUES ( 'andrea', 'Group 1' );
INSERT INTO AM_USER_GROUP ( FK_AM_USER, FK_AM_GROUP ) VALUES ( 'pietro', 'Group 1' );

INSERT INTO AM_USER_GROUP ( FK_AM_USER, FK_AM_GROUP ) VALUES ( 'profiler', 'Group Manager' );


INSERT INTO AM_GROUP_AIR (  FK_AM_GROUP, FK_AM_AI_ROLE ) VALUES (  'Group Manager', 1 );
INSERT INTO AM_GROUP_AIR (  FK_AM_GROUP, FK_AM_AI_ROLE ) VALUES (  'Group Manager', 2 );

INSERT INTO AM_GROUP_AIR (  FK_AM_GROUP, FK_AM_AI_ROLE ) VALUES (  'Group Manager', 15 );
INSERT INTO AM_GROUP_AIR (  FK_AM_GROUP, FK_AM_AI_ROLE ) VALUES (  'Group Manager', 16 );
INSERT INTO AM_GROUP_AIR (  FK_AM_GROUP, FK_AM_AI_ROLE ) VALUES (  'Group Manager', 17 );
INSERT INTO AM_GROUP_AIR (  FK_AM_GROUP, FK_AM_AI_ROLE ) VALUES (  'Group Manager', 18 );

INSERT INTO AM_GROUP_AIR (  FK_AM_GROUP, FK_AM_AI_ROLE ) VALUES ( 'Group Manager', 22 );
INSERT INTO AM_GROUP_AIR (  FK_AM_GROUP, FK_AM_AI_ROLE ) VALUES ( 'Group Manager', 23 );
INSERT INTO AM_GROUP_AIR (  FK_AM_GROUP, FK_AM_AI_ROLE ) VALUES ( 'Group Manager', 24 );
INSERT INTO AM_GROUP_AIR (  FK_AM_GROUP, FK_AM_AI_ROLE ) VALUES ( 'Group Manager', 25 );
INSERT INTO AM_GROUP_AIR (  FK_AM_GROUP, FK_AM_AI_ROLE ) VALUES ( 'Group Manager', 26 );
INSERT INTO AM_GROUP_AIR (  FK_AM_GROUP, FK_AM_AI_ROLE ) VALUES ( 'Group Manager', 27 );
INSERT INTO AM_GROUP_AIR (  FK_AM_GROUP, FK_AM_AI_ROLE ) VALUES ( 'Group Manager', 28 );

INSERT INTO AM_GROUP_AIR (  FK_AM_GROUP, FK_AM_AI_ROLE ) VALUES ( 'Group 1', 1 );
INSERT INTO AM_GROUP_AIR (  FK_AM_GROUP, FK_AM_AI_ROLE ) VALUES ( 'Group 1', 2 );

INSERT INTO AM_GROUP_AIR (  FK_AM_GROUP, FK_AM_AI_ROLE ) VALUES (  'Group 1', 16 );
INSERT INTO AM_GROUP_AIR (  FK_AM_GROUP, FK_AM_AI_ROLE ) VALUES (  'Group 1', 17 );


INSERT INTO AM_USER_AIR ( FK_AM_USER, FK_AM_AI_ROLE ) VALUES ( 'andrea', 15 );
INSERT INTO AM_USER_AIR ( FK_AM_USER, FK_AM_AI_ROLE ) VALUES ( 'pietro', 16 );

INSERT INTO AM_USER_AIR ( FK_AM_USER, FK_AM_AI_ROLE ) VALUES ( 'profiler', 30 );

Commit;
