<?xml version="1.0" encoding="UTF-8"?>
<!--
   Copyright (c) 2004-2005, Novascope S.A. and the JOSSO team
   All rights reserved.
   Redistribution and use in source and binary forms, with or
   without modification, are permitted provided that the following
   conditions are met:

   * Redistributions of source code must retain the above copyright
     notice, this list of conditions and the following disclaimer.

   * Redistributions in binary form must reproduce the above copyright
     notice, this list of conditions and the following disclaimer in
     the documentation and/or other materials provided with the
     distribution.

   * Neither the name of the JOSSO team nor the names of its
     contributors may be used to endorse or promote products derived
     from this software without specific prior written permission.

   THIS SOFTWARE IS PROVIDED BY THE COPYRIGHT HOLDERS AND
   CONTRIBUTORS "AS IS" AND ANY EXPRESS OR IMPLIED WARRANTIES,
   INCLUDING, BUT NOT LIMITED TO, THE IMPLIED WARRANTIES OF
   MERCHANTABILITY AND FITNESS FOR A PARTICULAR PURPOSE ARE
   DISCLAIMED. IN NO EVENT SHALL THE COPYRIGHT OWNER OR CONTRIBUTORS
   BE LIABLE FOR ANY DIRECT, INDIRECT, INCIDENTAL, SPECIAL,
   EXEMPLARY, OR CONSEQUENTIAL DAMAGES (INCLUDING, BUT NOT LIMITED
   TO, PROCUREMENT OF SUBSTITUTE GOODS OR SERVICES; LOSS OF USE,
   DATA, OR PROFITS; OR BUSINESS INTERRUPTION) HOWEVER CAUSED AND ON
   ANY THEORY OF LIABILITY, WHETHER IN CONTRACT, STRICT LIABILITY,
   OR TORT (INCLUDING NEGLIGENCE OR OTHERWISE) ARISING IN ANY WAY
   OUT OF THE USE OF THIS SOFTWARE, EVEN IF ADVISED OF THE
   POSSIBILITY OF SUCH DAMAGE.
-->
<!DOCTYPE book PUBLIC "-//APACHE//DTD Cocoon Documentation Book V1.0//EN" "book-cocoon-v10.dtd">
<book software="JOSSO"
    title="JOSSO Installation Documentation"
    copyright="@year@ The JOSSO Team">


    <menu label="About">
        <menu-item label="Introduction" href="index.html"/>
        <menu-item label="License" href="license.html"/>
        <external label="Download" href="http://sourceforge.net/project/showfiles.php?group_id=116854"/>
    </menu>

    <menu label="Setup How-TOs">
        <menu-item label="Tomcat 5.0" href="tomcat50-howto.html"/>
        <menu-item label="Tomcat 5.5" href="tomcat55-howto.html"/>
        <menu-item label="JBoss 3.2.6 and 3.2.7" href="jboss32-howto.html"/>
        <menu-item label="JBoss 4" href="jboss4-howto.html"/>
        <menu-item label="PHP" href="php-howto.html"/>
        <menu-item label="ASP" href="asp-howto.html"/>
    </menu>
        <!--
        <menu-item label="Building" href="building.html"/>
        <menu-item label="Configuring" href="configuring.html"/>
        <menu-item label="Running" href="running.html"/>
        -->

    <!--
    <menu label="Java Platform Plugins">
        <menu-item label="JBoss 3.2.6 and 3.2.7" href="java-platform-jboss32.html"/>
        <menu-item label="JBoss 4" href="java-platform-jboss4.html"/>
        <menu-item label="Tomcat 5.0" href="java-platform-tomcat50.html"/>
        <menu-item label="Tomcat 5.5" href="java-platform-tomcat55.html"/>
    </menu>

    <menu label="Non-Java Platform Plugins">
        <menu-item label="PHP" href="non-java-platform-php.html"/>
        <menu-item label="ASP" href="non-java-platform-asp.html"/>
    </menu>
    -->

    <menu label="Advanced Configuration How-TOs">
        <menu-item label="HOW-TO: Integrating JOSSO with LDAP" href="ldap-howto.html"/>
        <menu-item label="HOW-TO: Enabling Strong Authentication" href="strong-authentication.html"/>
    </menu>

    <menu label="Developer HOW-TOs">
        <menu-item label="HOW-TO: Integrating your Java Web Application with JOSSO" href="developer-howto.html"/>
        <menu-item label="HOW-TO: Integrating your PHP Application with JOSSO" href="php-developer-howto.html"/>
        <menu-item label="Java API Docs" href="apidocs/index.html"/>
        <menu-item label="PHP API Docs" href="php-apidocs/index.html"/>
    </menu>

    <menu label="Project">
        <external label="Forum" href="http://sourceforge.net/forum/?group_id=116854"/>
        <external label="Bugs" href="http://sourceforge.net/tracker/?group_id=116854&amp;atid=676232"/>
        <external label="Browse CVS Repository" href="http://cvs.sourceforge.net/viewcvs.py/josso"/>
        <external label="Patches" href="http://sourceforge.net/tracker/?group_id=116854&amp;atid=676234"/>
    </menu>
    <menu label="Status">
        <menu-item label="TODO" href="todo.html"/>
    </menu>
</book>
