<?xml version='1.0' encoding='ISO-8859-1'?>
<!--
  Copyright (c) 2004-2005, Novascope S.A. and the JOSSO team
   All rights reserved.
   Redistribution and use in source and binary forms, with or
   without modification, are permitted provided that the following
   conditions are met:

   * Redistributions of source code must retain the above copyright
     notice, this list of conditions and the following disclaimer.

   * Redistributions in binary form must reproduce the above copyright
     notice, this list of conditions and the following disclaimer in
     the documentation and/or other materials provided with the
     distribution.

   * Neither the name of the JOSSO team nor the names of its
     contributors may be used to endorse or promote products derived
     from this software without specific prior written permission.

   THIS SOFTWARE IS PROVIDED BY THE COPYRIGHT HOLDERS AND
   CONTRIBUTORS "AS IS" AND ANY EXPRESS OR IMPLIED WARRANTIES,
   INCLUDING, BUT NOT LIMITED TO, THE IMPLIED WARRANTIES OF
   MERCHANTABILITY AND FITNESS FOR A PARTICULAR PURPOSE ARE
   DISCLAIMED. IN NO EVENT SHALL THE COPYRIGHT OWNER OR CONTRIBUTORS
   BE LIABLE FOR ANY DIRECT, INDIRECT, INCIDENTAL, SPECIAL,
   EXEMPLARY, OR CONSEQUENTIAL DAMAGES (INCLUDING, BUT NOT LIMITED
   TO, PROCUREMENT OF SUBSTITUTE GOODS OR SERVICES; LOSS OF USE,
   DATA, OR PROFITS; OR BUSINESS INTERRUPTION) HOWEVER CAUSED AND ON
   ANY THEORY OF LIABILITY, WHETHER IN CONTRACT, STRICT LIABILITY,
   OR TORT (INCLUDING NEGLIGENCE OR OTHERWISE) ARISING IN ANY WAY
   OUT OF THE USE OF THIS SOFTWARE, EVEN IF ADVISED OF THE
   POSSIBILITY OF SUCH DAMAGE.
-->
<!-- $Id: building.xml,v 1.13 2005/03/30 20:06:28 sgonzalez Exp $ -->
<!DOCTYPE document PUBLIC "-//APACHE//DTD Documentation V1.0//EN" "document-v10.dtd">
<document>
    <header>
        <title>Building JOSSO</title>
        <authors>
            <person name="Gianluca Brigandi" email="gbrigand@josso.org"/>
        </authors>
    </header>
    <body>
        <s1 title="Prerequisites">
            <p>
                The JOSSO source release comes with Apache Ant and the build system needed to construct the product.
                So you don't need to have Ant installed in order to build JOSSO.
            </p>
            <p>
                Before building JOSSO make sure you have installed the JDK 1.4.2 that can be downloaded from
                <link href="ext:jdk">here</link> .
                The
                <strong>JAVA_HOME</strong> environment variable must be set to the JDK installation directory.
            </p>
            <p>
                For Unix systems you can use :
            </p>
            <source>
                $ export JAVA_HOME=/usr/local/jdk1.4.2
            </source>
            <p>
                For Win32 systems you can use :
            </p>
            <source>
                set JAVA_HOME=c:\jdk1.4.2
            </source>
            <s2 title="Jakarta Tomcat">
                <p>
                    JOSSO requires the Catalina Container in order to run.
                </p>
                <p>
                    Catalina is bundled with the Jakarta Tomcat Web server which can be downloaded from
                    <link href="ext:tomcat">here</link> .
                </p>
                <p>
                    In order to integrate JOSSO with Tomcat to implement a Single Sign-on Infrastructure, you should use
                    <strong>Jakarta Tomcat v5.0.27</strong> or later. It should work with Tomcat v4.x  but it wasn't
                    tested at the moment of writing.
                </p>
                <p>
                    The <strong>CATALINA_HOME</strong> environment variable must be set pointing to the installation
                    directory of Jakarta Tomcat.
                </p>
                <p>
                    For Unix systems you can use :
                </p>
                <source>
                    $ export CATALINA_HOME=/usr/product/jakarta-tomcat-5.0.28
                </source>
                <p>
                    For Win32 systems you can use :
                </p>
                <source>
                    set CATALINA_HOME=c:/jakarta-tomcat-5.0.28
                </source>
            </s2>
            <s2 title="JBoss">
                <p>
                    JOSSO can be deployed in the JBoss application server, providing the authenticated user's identity
                    to the partner web application and EJBs.
                </p>
                <p>
                    The JBoss application server can be downloaded from
                    <link href="ext:jboss">here</link> .
                </p>
                <p>
                    In order to integrate JOSSO with JBoss to implement a Single Sign-on Infrastructure, you should use
                    <strong>JBoss 3.2.7</strong>.
                </p>
                <p>
                    The <strong>JBOSS_HOME</strong> environment variable must be set pointing to the installation
                    directory of JBoss.
                </p>
                <p>
                    For Unix systems you can use :
                </p>
                <source>
                    $ export JBOSS_HOME=/usr/product/jboss-3.2.7
                </source>
                <p>
                    For Win32 systems you can use :
                </p>
                <source>
                    set JBOSS_HOME=c:/jboss-3.2.7
                </source>
            </s2>

        </s1>
        <s1 title="Building">
            <p>
                Once the prerequisites are satisfied you can start building JOSSO by invoking the build script for your OS.
                from the project root.
            </p>
            <p>
                For Unix systems you should execute :
            </p>
            <source>
                $ ./build.sh
            </source>
            <p>
                For Win32 systems you should execute :
            </p>
            <source>
                build.bat
            </source>

            <p>
                If this procedure is succesfully executed you will find the following two files in the ./build/josso-1.2 directory :
            </p>
            <ul>
                <li>
                    josso.war
                </li>
                <li>
                    josso-1.2.jar
                </li>
                <li>
                    josso-common-1.2.jar
                </li>

            </ul>
            <p>
                The <strong>josso.war</strong> file contains the server part of the Single Sign-On, while the
                <strong>josso-1.2.jar</strong> file contains the stubs needed to integrate the web infrastructure to
                the SSO authentication schemes.  The <strong>josso-common-1.2.jar</strong> file contains the classes that
                are shared beteween the JOSSO infrastructure and the partner applications.
            </p>
        </s1>
        <s1 title="Installing">
            <s2 title="Jakarta Tomcat">
                <p>
                After succesfully compiling JOSSO you must install the core Jars for JOSSO to run in Catalina.
                </p>
                <p>
                     For Unix systems you should execute :
                 </p>
                 <source>
                     $ ./build.sh install
                 </source>
                 <p>
                     For Win32 systems you should execute :
                 </p>
                 <source>
                     build.bat install
                 </source>
                 <p>
                     This procedure must be done only once.
                 </p>
             </s2>
             <s2 title="JBoss">
                 <p>
                 After succesfully compiling JOSSO you must install the core Jars for JOSSO to run in JBoss.
                 </p>
                 <p>
                      For Unix systems you should execute :
                  </p>
                  <source>
                      $ ./build.sh install-jboss
                  </source>
                  <p>
                      For Win32 systems you should execute :
                  </p>
                  <source>
                      build.bat install-jboss
                  </source>
                  <p>
                      This procedure must be done only once.
                  </p>
                 <note>
                    This will install JOSSO on the <strong>default</strong> JBOSS instance. If you want to use a
                    different instance set the <strong>JBOSS_INSTANCE</strong> environment variable to the propper
                    JBOSS instance name. Valid values are <strong>all</strong> and <strong>minimal</strong>
                 </note>

             </s2>
        </s1>
        <s1 title="Deploying">
            <s2 title="Jakarta Tomcat">
                <p>
                    The
                    <strong>josso.war</strong> file must be deployed in Tomcat as a Web application by invoking the following command :
                </p>
                <p>
                     For Unix systems you should execute :
                 </p>
                 <source>
                     $ ./build.sh deploy
                 </source>
                <p>
                    For Win32 systems you should execute :
                </p>
                <source>
                    build.bat deploy
                </source>

                <p>
                    This command will copy the
                    <strong>josso-1.2.jar</strong> file to the $CATALINA_HOME/server/lib directory and the
                    <strong>josso-common-1.2.jar</strong> file to the $CATALINA_HOME/common/lib directory, so that
                    the Single Sign-On Agent and Reverse Proxy Tomcat Valves can be deployed.
                </p>
            </s2>
            <s2 title="JBoss">
                <p>
                    In JBoss the output artifact of the build procedure is an EAR file called <strong>josso.ear</strong>
                    which contains the josso.war, partnerapp.war and partnercomponent.jar files.
                    The <strong>josso.ear</strong> file must be deployed in JBoss by invoking the
                    following command :
                </p>
                <p>
                     For Unix systems you should execute :
                 </p>
                 <source>
                     $ ./build.sh deploy-jboss
                 </source>
                <p>
                    For Win32 systems you should execute :
                </p>
                <source>
                    build.bat deploy-jboss
                </source>

                <p>
                    This command will copy the <strong>josso.ear</strong> file to the $JBOSS_HOME/server/default/deploy
                    directory.
                </p>
            </s2>

        </s1>

        <s1 title="Comments">
            <p>
                Care to comment on this How-To? Help keep this document relevant by passing along any constructive feedback to the
                <link href="mailto:docs@josso.org?subject=Building">josso-docs</link>
            </p>
        </s1>
        <s1 title="Revisions">
            <ul>
                <li>
                    Updated the document so that its in sync with release 1.0.0 RC2.
                </li>
                <li>
                    Updated the document so that its in sync with release 1.1.
                </li>
                <li>
                    Updated the document so that its in sync with release 1.2.
                </li>
            </ul>
            <p>
            </p>
            <p>
            </p>
        </s1>
    </body>
</document>
