<?xml version='1.0' encoding='ISO-8859-1'?>
<!--
  Copyright (c) 2004-2005, Novascope S.A. and the JOSSO team
   All rights reserved.
   Redistribution and use in source and binary forms, with or
   without modification, are permitted provided that the following
   conditions are met:

   * Redistributions of source code must retain the above copyright
     notice, this list of conditions and the following disclaimer.

   * Redistributions in binary form must reproduce the above copyright
     notice, this list of conditions and the following disclaimer in
     the documentation and/or other materials provided with the
     distribution.

   * Neither the name of the JOSSO team nor the names of its
     contributors may be used to endorse or promote products derived
     from this software without specific prior written permission.

   THIS SOFTWARE IS PROVIDED BY THE COPYRIGHT HOLDERS AND
   CONTRIBUTORS "AS IS" AND ANY EXPRESS OR IMPLIED WARRANTIES,
   INCLUDING, BUT NOT LIMITED TO, THE IMPLIED WARRANTIES OF
   MERCHANTABILITY AND FITNESS FOR A PARTICULAR PURPOSE ARE
   DISCLAIMED. IN NO EVENT SHALL THE COPYRIGHT OWNER OR CONTRIBUTORS
   BE LIABLE FOR ANY DIRECT, INDIRECT, INCIDENTAL, SPECIAL,
   EXEMPLARY, OR CONSEQUENTIAL DAMAGES (INCLUDING, BUT NOT LIMITED
   TO, PROCUREMENT OF SUBSTITUTE GOODS OR SERVICES; LOSS OF USE,
   DATA, OR PROFITS; OR BUSINESS INTERRUPTION) HOWEVER CAUSED AND ON
   ANY THEORY OF LIABILITY, WHETHER IN CONTRACT, STRICT LIABILITY,
   OR TORT (INCLUDING NEGLIGENCE OR OTHERWISE) ARISING IN ANY WAY
   OUT OF THE USE OF THIS SOFTWARE, EVEN IF ADVISED OF THE
   POSSIBILITY OF SUCH DAMAGE.
-->
<!-- $Id: developer-howto.xml,v 1.10 2005/06/07 01:38:50 gbrigand Exp $ -->
<!DOCTYPE document PUBLIC "-//APACHE//DTD Documentation V1.0//EN" "document-v10.dtd">
<document>
    <header>
        <title>HOW-TO: Integrating your Java Web Application with JOSSO</title>
        <authors>
            <person name="Gianluca Brigandi" email="gbrigand@josso.org"/>
        </authors>
    </header>
    <body>
        <s1 title="Prerequisites">
            <p>
                You should first setup JOSSO for one of the supported platforms such as Tomcat and JBoss.
                Check the specific Setup HOW-TO corresponding to the platform where JOSSO is going to be installed.
            </p>
            <p>
                Once you're done with the initial setup make sure that the JOSSO web application is accessible.
            </p>
        </s1>
        <s1 title="Introduction">
            <p>
                This How-To will explain how to integrate your Java web application with the JOSSO Single Sign-On.
            </p>
            <p>
                It will implement a Credential Store, configured for providing authentication information
                ,like the user password, using JDBC database access.
            </p>
            <p>
                It will implement an Identity Store, configured for providing identity information, like user roles,
                using JDBC database access.
            </p>
        </s1>
        <s1 title="Create the user and roles database schema">
            <note>
                If you already have your own database schema, this step is not required. You should instead
                modify the SQL queries in the josso-gateway-config.xml file so that user and roles can be
                obtained.
            </note>
            <p>
                First of all, you must have a database server available that  provides
                a JDBC driver.
            </p>
            <p>
                Lets assume that you don't have a user and role tables. We must then create 3 tables :
            </p>
            <ul>
                <li>
                    <strong>JOSSO_USER</strong> : contains all the users that will be able to sign-on.
                </li>
                <li>
                    <strong>JOSSO_ROLE</strong> : contains all the roles to which users can be associated.
                </li>
                <li>
                    <strong>JOSSO_USER_ROLE</strong> : contains the roles associated with each user.
                </li>
                <li>
                    <strong>JOSSO_USER_PROPERTY</strong> : contains additional properties of the user, like personal
                    data, etc. .
                </li>

            </ul>
            <p>
                Lets have a look at the ER Diagram :
            </p>
            <figure src="images/userrole-er.gif" alt="ER Diagram"/>
            <p>
                The DDL SQL scripts should look like the following :
            </p>
            <source>
CREATE TABLE JOSSO_ROLE (
       NAME                 VARCHAR2(16) NOT NULL,
       DESCRIPTION          VARCHAR2(64) NULL
);

ALTER TABLE JOSSO_ROLE
       ADD  ( PRIMARY KEY (NAME) ) ;

CREATE TABLE JOSSO_USER (
       LOGIN                VARCHAR2(16) NOT NULL,
       PASSWORD             VARCHAR2(20) NOT NULL,
       NAME                 VARCHAR2(64) NULL,
       DESCRIPTION          VARCHAR2(64) NULL
);

ALTER TABLE JOSSO_USER
       ADD  ( PRIMARY KEY (LOGIN) ) ;


CREATE TABLE JOSSO_USER_PROPERTY (
       LOGIN                VARCHAR2(16) NOT NULL,
       NAME                 VARCHAR2(255) NOT NULL,
       VALUE                VARCHAR2(255) NOT NULL
);

ALTER TABLE JOSSO_USER_PROPERTY
       ADD  ( PRIMARY KEY (LOGIN, NAME) ) ;

CREATE TABLE JOSSO_USER_ROLE (
       LOGIN                VARCHAR2(16) NOT NULL,
       NAME                 VARCHAR2(255) NOT NULL
);

ALTER TABLE JOSSO_USER_ROLE
       ADD  ( PRIMARY KEY (LOGIN, NAME) ) ;

ALTER TABLE JOSSO_USER_PROPERTY
       ADD  ( FOREIGN KEY (LOGIN)
                             REFERENCES JOSSO_USER ) ;

ALTER TABLE JOSSO_USER_ROLE
       ADD  ( FOREIGN KEY (NAME)
                             REFERENCES JOSSO_ROLE ) ;

ALTER TABLE JOSSO_USER_ROLE
       ADD  ( FOREIGN KEY (LOGIN)
                             REFERENCES JOSSO_USER ) ;

            </source>
            <p>
                Execute this DDL in your database.
            </p>
        </s1>
        <s1 title="Create sample Users and Roles">
        <p>
            After you finished creating the database schema, add sample user and role records. These users should be
            able to sign-on to JOSSO.
        </p>
        <p>
            We'll create three roles :
        </p>
        <ul>
            <li>role1</li>
            <li>role2</li>
            <li>role3</li>
        </ul>
        <p>
            We'll create two users and associate them to the created roles :
        </p>
        <ul>
            <li>user1: which will be part of the 'role1' and 'role2' roles.</li>
            <li>user2: which will be part of the 'role3' role.</li>
        </ul>
        <p>
            We'll associate three properties to the two just created users :
        </p>
        <ul>
            <li>user.name: which will hold the first name of the user.</li>
            <li>user.lastName: which will hold the lastname of the user.</li>
            <li>user.registrationDate: which will hold when the user registred.</li>
        </ul>
        <p>
            Lets look ad the DML script to do this :
        </p>
        <source>
INSERT INTO JOSSO_ROLE (NAME,DESCRIPTION) VALUES('role1','The Role1');

INSERT INTO JOSSO_ROLE (NAME,DESCRIPTION) VALUES('role2','The Role2');

INSERT INTO JOSSO_ROLE (NAME,DESCRIPTION) VALUES('role3','The Role3');

INSERT INTO JOSSO_USER (LOGIN,PASSWORD,DESCRIPTION)
        VALUES('user1', 'user1pwd', 'The User1');

INSERT INTO JOSSO_USER_ROLE (LOGIN,NAME) VALUES('user1', 'role1');

INSERT INTO JOSSO_USER_ROLE (LOGIN,NAME) VALUES('user1', 'role2');

INSERT INTO JOSSO_USER (LOGIN,PASSWORD,DESCRIPTION)
        VALUES('user2', 'user2pwd', 'The User2');

INSERT INTO JOSSO_USER_ROLE (LOGIN,NAME) VALUES('user2', 'role3');

INSERT INTO JOSSO_USER_PROPERTY(LOGIN,NAME,VALUE)
        VALUES('user1', 'user.name', 'User1 Name');

INSERT INTO JOSSO_USER_PROPERTY(LOGIN,NAME,VALUE)
        VALUES('user1', 'user.lastName', 'User1 Last Name');

INSERT INTO JOSSO_USER_PROPERTY(LOGIN,NAME,VALUE)
        VALUES('user1', 'user.registrationDate', 'User1 Registration Date');

INSERT INTO JOSSO_USER_PROPERTY(LOGIN,NAME,VALUE)
        VALUES('user2', 'user.name', 'User2 Name');

INSERT INTO JOSSO_USER_PROPERTY(LOGIN,NAME,VALUE)
        VALUES('user2', 'user.lastName', 'User2 Last Name');

INSERT INTO JOSSO_USER_PROPERTY(LOGIN,NAME,VALUE)
        VALUES('user2', 'user.registrationDate', 'User2 Registration Date');
        </source>
    </s1>
    <s1 title="Configure the SSO Gateway">
    <p>
        Now we need to tell the Single Sign-On Gateway how to obtain user and role information in order to
        authenticate users.
    </p>
    <p>
        We'll also tell the Single Sign-On Gateway how to load the properties of the user.
    </p>
    <p>
        Modify the <strong>josso-gateway-config.xml</strong> configuration file located in the <strong>/WEB-INF/classes</strong>
        folder of the JOSSO web application.
    </p>
    <p>
        Lets look at the josso-gateway.xml configuration file content :
    </p>
        <source><![CDATA[
<?xml version="1.0" encoding="ISO-8859-1" ?>
<domain>
  <name>SampleDomain</name>
  <type>web</type>
  <authenticator>
    <class>org.josso.auth.AuthenticatorImpl</class>
    <authentication-schemes>

  <!-- Basic Authentication Scheme -->
  <authentication-scheme>
    <name>basic-authentication</name>
    <class>org.josso.auth.scheme.UsernamePasswordAuthScheme</class>

    <!-- ========================================================= -->
    <!-- JDBC Credential Store                                     -->
    <!-- ========================================================= -->
    <credential-store>
     <class>
     org.josso.gateway.identity.service.store.db.JDBCIdentityStore
     </class>
     <credentialsQueryString>
   SELECT login AS username , password AS password FROM josso_user
   WHERE login = ?
     </credentialsQueryString>
     <connectionName>SCOTT</connectionName>
     <connectionPassword>TIGER</connectionPassword>
     <connectionURL>jdbc:oracle:thin:@mydbhost:1521:mydb</connectionURL>
     <driverName>oracle.jdbc.driver.OracleDriver</driverName>
    </credential-store>

    <credential-store-key-adapter>
      <class>
      org.josso.gateway.identity.service.store.SimpleIdentityStoreKeyAdapter
      </class>
  </credential-store-key-adapter>

</authentication-scheme>

  </authentication-schemes>
  </authenticator>

  <sso-identity-manager>
<class>org.josso.gateway.identity.service.SSOIdentityManagerImpl</class>
<!-- ========================================================= -->
<!-- JDBC Identity Store                                       -->
<!-- ========================================================= -->
<sso-identity-store>
  <class>
  org.josso.gateway.identity.service.store.db.JDBCIdentityStore
  </class>
  <userQueryString>
   SELECT login FROM josso_user WHERE login = ?
  </userQueryString>
  <rolesQueryString>
SELECT josso_role.name FROM josso_role , josso_user_role , josso_user
WHERE josso_user.login = ? AND josso_user.login = josso_user_role.login
AND josso_role.name = josso_user_role.name
  </rolesQueryString>
  <userPropertiesQueryString>
SELECT 'user.description' AS name , description AS value
FROM josso_user WHERE login = ?
UNION
SELECT name AS name ,  value AS value FROM josso_user_property WHERE login = ?
  </userPropertiesQueryString>

   <connectionName>SCOTT</connectionName>
   <connectionPassword>TIGER</connectionPassword>
   <connectionURL>jdbc:oracle:thin:@mydbhost:1521:mydb</connectionURL>
   <driverName>oracle.jdbc.driver.OracleDriver</driverName>
</sso-identity-store>

<sso-identity-store-key-adapter>
  <class>
  org.josso.gateway.identity.service.store.SimpleIdentityStoreKeyAdapter
  </class>
</sso-identity-store-key-adapter>
  </sso-identity-manager>

  <sso-session-manager>
<class>org.josso.gateway.session.service.SSOSessionManagerImpl</class>

<!--
Set the maximum time interval, in minutes, between client requests
before the SSO Service will invalidate the session. A negative time
indicates that the session should never time out.
-->
<maxInactiveInterval>1</maxInactiveInterval>

<sso-session-store>
  <class>
  org.josso.gateway.session.service.store.MemorySessionStore
  </class>
</sso-session-store>

<sso-session-id-generator>
  <class>
   org.josso.gateway.session.service.SessionIdGeneratorImpl
  </class>
  <!--
  The message digest algorithm to be used when generating session
  identifiers.  This must be an algorithm supported by the
  java.security.MessageDigest class on your platform.

  In J2SE 1.4.2 you can check :
  Java Cryptography Architecture API Specification & Reference -
  Apendix A : Standard Names
  Values are : MD2, MD5, SHA-1, SHA-256, SHA-384, SHA-512
  -->
  <algorithm>MD5</algorithm>
</sso-session-id-generator>
  </sso-session-manager>
</domain>
            ]]></source>
    <p>
        Make sure you set your specific values for the for the
            <strong>connectionName</strong>,
            <strong>connectionPassword</strong>,
            <strong>connectionURL</strong> and
            <strong>driverName</strong> elements according to your database settings.
    </p>
    <p>
        Do this for both the Credential Store and Identity Manager settings.
    </p>
    </s1>


    <s1 title="Include the database driver in the JOSSO Gateway">
    <p>
        Since the SSO Gateway will use the configured driver, in this case the Oracle JDBC Thin Driver, to execute
        the configured SQL queries, you will need to make this available in the JOSSO Gateway classpath
    </p>
    <p>
        Go to the JOSSO installation directory and create the <strong>/src/webapp/josso/WEB-INF/lib</strong>
        directory.
    </p>
    <p>
        Copy the Jar file containing the JDBC driver to the JOSSO installation directory, into the
        <strong>/src/webapp/josso/WEB-INF/lib</strong>
    </p>
    <p>
        Rebuild JOSSO to produce a new <strong>josso.war</strong> file which will include the JDBC driver and deploy it.
        Follow the <link href="building.html">Building</link> and <link href="running.html">Running</link> guides to
        perform this operation.
    </p>
    </s1>
    <s1 title="Make your Java web application become a JOSSO Single Sign-On partner application">
    <s2 title="Configure the JOSSO Agent">
        <p>
            The Catalina web container running the partner web application must know how to reach
            the Single Sign-On Gateway. To allow this the <strong>josso-agent-config.xml</strong>
            configuration file must be installed in the <strong>$CATALINA_HOME/bin</strong> directory
            in case of using Jakarta Tomcat, or <strong>$JBOSS_HOME/bin</strong> directory if using
            JBoss.
        </p>
        <p>
            Lets look at the josso-agent.xml configuration file content :
        </p>
        <source><![CDATA[
<?xml version="1.0" encoding="ISO-8859-1" ?>
<agent>
  <class>org.josso.jb32.agent.JBossCatalinaSSOAgent</class>
  <gatewayLoginUrl>http://localhost:8080/josso/signon/login.do</gatewayLoginUrl>
  <gatewayLogoutUrl>http://localhost:8080/josso/signon/logout.do</gatewayLogoutUrl>
  <service-locator>
    <class>org.josso.gateway.WebserviceGatewayServiceLocator</class>
    <endpoint>localhost:8080</endpoint>
  </service-locator>
  <partner-apps>
      <partner-app>
          <context>/partnerapp</context>
      </partner-app>
  </partner-apps>
</agent>
]]></source>
    <p>
        In a Single-tier configuration (Gateway and Agent running in the same host) you should replace
        <strong>ssohost</strong> with the hostname of the host where the Single Sign-On Gateway is listening.
    </p>
    <p>
        Remember to add an entry in the <strong>$CATALINA_HOME/bin/josso-config.xml</strong> file pointing to
        the <strong>josso-agent-config.xml</strong> file.
        A Single-Tier <strong>josso-config.xml</strong> configuration file should look like this :
    </p>
    <source><![CDATA[
<?xml version="1.0" encoding="ISO-8859-1" ?>
<configuration>
    <xml fileName="josso-agent-config.xml"/>
</configuration>
]]></source>
    </s2>
    <s2 title="Set up Security Constraints">
    <s3 title="Web application Security Constraints">
        <p>
            A Web application that uses security requires the user to log in in order to access its resources.
            The user's credentials are verified against a security realm, and once authenticated, the user will have access
            only to specified resources within the Web application.
        </p>
        <p>
            Security in a Web application is configured using three elements:
        </p>
        <ul>
            <li>
                The &lt;login-config&gt; element specifies how the user is prompted to log in and the location of the security
                realm. If this element is present, the user must be authenticated in order to access any resource that is
                constrained by a &lt;security-constraint&gt; defined in the Web application.
            </li>

            <li>
                A &lt;security-constraint&gt; is used to define the access privileges to a collection of resources via
                their URL mapping.
            </li>

            <li>
                A &lt;security-role&gt; element represents a group or principal in the realm. This security role name is
                used in the &lt;security-constraint&gt; element and can be linked to an alternative role name used in
                servlet code via the &lt;security-role-ref&gt; element.
            </li>
        </ul>
        <p>
        Lets look at the complete <strong>web.xml</strong> file of your partner web application :
        </p>
        <source>
<![CDATA[
<!DOCTYPE web-app PUBLIC "-//Sun Microsystems, Inc.//DTD Web
Application 2.3//EN" "http://java.sun.com/dtd/web-app_2_3.dtd">

<web-app>
    <display-name>JOSSO Partner Application</display-name>

    <welcome-file-list id="WelcomeFileList">
        <welcome-file>index.jsp</welcome-file>
    </welcome-file-list>

    <security-constraint>
        <!-- Sample Security Constraint -->
        <web-resource-collection>

            <web-resource-name>protected-resources</web-resource-name>

            <url-pattern>/*</url-pattern>

            <http-method>HEAD</http-method>
            <http-method>GET</http-method>
            <http-method>POST</http-method>
            <http-method>PUT</http-method>
            <http-method>DELETE</http-method>

        </web-resource-collection>

        <auth-constraint>
            <role-name>role1</role-name>
        </auth-constraint>

        <user-data-constraint>
            <transport-guarantee>NONE</transport-guarantee>
        </user-data-constraint>
    </security-constraint>

    <login-config>
        <auth-method>FORM</auth-method>

        <form-login-config>
            <form-login-page>/login-redirect.jsp</form-login-page>
            <form-error-page>/login-redirect.jsp</form-error-page>
        </form-login-config>
    </login-config>

    <security-role >
        <description>The Role1</description>
        <role-name>role1</role-name>
    </security-role>

</web-app>
]]></source>
    <note>
        In this example we are assuming that the web context of your web application is 'partnerapp'.
        You will have to 'protect' this context with a Single Sign-On Agent as described in the
        <link href="configuring.html">Configuring</link> guide.
    </note>
    <p>
        This <strong>web.xml</strong> file specifies that <strong>only</strong> the users associated with 'role1' can access
        your partner application.
    </p>
     <p>
         When a non-authenticated user requires access your partner application, he will be redirected to the
         '/partnerapp/login-redirect.jsp' page, which will redirect the user to the JOSSO Sign-on form.
     </p>
     <p>
         Note that the role name specified in the &lt;role-name&gt; element must be a role with an entry in the 'ROLE'
         database table that will be retrieved by the Single Sign-On Gateway using the SQL SELECT statement specified
         in the <strong>josso-gateway-config.xml</strong> file.
     </p>
    </s3>
    <s3 title="EJB Security Constraints">
    <p>
        In case you are running JOSSO in the JBoss application server, the authenticated user's identity will be
        propagated to the EJBs invoked by the partner web application.
    </p>
    <p>
        The security contraints should be declared in the <strong>ejb-jar.xml</strong> file of the
        partner EJB components. Lets look at an example of such file :
    </p><source>
    <![CDATA[
<?xml version="1.0" encoding="ISO-8859-1"?>
<!DOCTYPE ejb-jar PUBLIC '-//Sun Microsystems, Inc.//DTD Enterprise JavaBeans 2.0//EN' 'http://java.sun.com/dtd/ejb-jar_2_0.dtd'>
<ejb-jar>
    <display-name>Partner Component</display-name>
    <enterprise-beans>
        <session>
            <ejb-name>PartnerComponentEJB</ejb-name>
            <home>org.josso.samples.ejb.PartnerComponentHome</home>
            <remote>org.josso.samples.ejb.PartnerComponent</remote>
            <ejb-class>org.josso.samples.ejb.PartnerComponentEJB</ejb-class>
            <session-type>Stateless</session-type>
            <transaction-type>Container</transaction-type>
        </session>
    </enterprise-beans>

    <assembly-descriptor>
        <security-role>
            <description>Role 1</description>
            <role-name>role1</role-name>
        </security-role>

        <method-permission>
            <description>Security attributes for 'PartnerComponenttEJB' methods</description>
            <role-name>role1</role-name>
            <method>
                <ejb-name>PartnerComponentEJB</ejb-name>
                <method-name>*</method-name>
            </method>
        </method-permission>

        <container-transaction>
            <method>
                <ejb-name>PartnerComponentEJB</ejb-name>
                <method-name>*</method-name>
            </method>
            <trans-attribute>Required</trans-attribute>
        </container-transaction>
    </assembly-descriptor>
</ejb-jar>
    ]]></source>
    <p>
    This file sets security contraints for a 'PartnerComponentEJB' Enterprise Java Bean, allowing
    only users associated to role 'role1' to invoke its methods.
    </p>
    <p>
    For the user identity to be propagated to the EJB tier, the <strong>jboss.xml</strong> file must
    set <strong>java:/jaas/josso</strong> as the security domain in the following way :
    </p>
    <source><![CDATA[
<?xml version="1.0" encoding="UTF-8"?>

<!DOCTYPE jboss PUBLIC
   "-//JBoss//DTD JBOSS 3.0//EN"
   "http://www.jboss.org/j2ee/dtd/jboss_3_0.dtd">

<jboss>
   <security-domain>java:/jaas/josso</security-domain>

   <enterprise-beans>
      <session>
         <ejb-name>PartnerComponentEJB</ejb-name>
         <jndi-name>josso/samples/PartnerComponentEJB</jndi-name>
      </session>
   </enterprise-beans>
</jboss>
        ]]></source>
    <p>
    For more information about integrating EJBs to with the Single Sign-On infrastructure
    you can browse the sample online from our CVS repository
    <link href="http://cvs.sourceforge.net/viewcvs.py/josso/josso/src/samples/java/">here</link>
    </p>
    </s3>
</s2>
<s2 title="Create the Redirect Page">
<p>
    When the servlet container detects that the user wishes to access a protected resource, it will redirect him to
    the <strong>/partnerapp/login-redirect.jsp</strong> page.
</p>
<p>
    We then need to add a <strong>login-redirect.jsp</strong> JSP page to our partner web application that must
    look like this :
</p>
<source><![CDATA[
<%@page contentType="text/html; charset=iso-8859-1" language="java"
        session="true"%>
<%
    response.sendRedirect(request.getContextPath() + "/josso_login/");
%>
]]></source>
<p>
    This JSP page will redirect the user to a special URI which will inform the Single Sign-On Agent
    to redirect the user to the configured login form in the Single Sign-On Gateway.
</p>
<p>
    To change this URL, modify the &lt;gatewayLoginUrl&gt; element value in the <strong>josso-agent-config.xml</strong>
    file.
</p>
<p/>
<p>
    The partner application must allow the user to logout. This action must be delegated to the Gateway by
    redirecting the user in the following way :
</p>
<source><![CDATA[
    <%@page contentType="text/html; charset=iso-8859-1" language="java"
            session="true" %>
    <%
        response.sendRedirect(request.getContextPath() + "/josso_logout/");
    %>
]]></source>
<p>
    The Single Sign-On Agent will intercept this request an redirect the user to the configured
    Url in the &lt;gatewayLogoutUrl&gt; element of the <strong>josso-agent-config.xml</strong>
    file.
</p>

</s2>

<s2 title="Build the Partner Application">
    <p>
    Build your Partner Application as usual by including the <strong>WEB-INF/web.xml</strong> with
    your protected resources set as seen before.
    </p>
    <p>
    In case of deploying a Partner Application which includes EJB components you should also
    include the ejb-jar.xml and jboss.xml files.
    </p>
</s2>

<s2 title="Deploy the Partner Application">
    <p>
    In case of using Jakarta Tomcat, deploy your partner application WAR file in the <strong>$CATALINA_HOME/webapp</strong> directory.
    </p>
    <p>
    In case of using JBoss, drop your partner application EAR file in the <strong>$JBOSS_HOME/server/default/deploy</strong>
    directory.
    </p>
</s2>

<s2 title="Testing it">
<s3 title="Contact the Partner application">
    <p>
    Using your web browser, contact the following url : <strong>http://localhost:8080/partnerapp/</strong> .
    </p>
    <p>
    Instead of <strong>partnerapp</strong> use the web context name of your web application.
    </p>
    <p>
    You should be redirected to the Gateway Single Sign-On logon form located in the JOSSO Gateway at
    <strong>http://localhost:8080/josso/signon/login.do</strong>.
    </p>
</s3>
<s3 title="Authenticate">
    <p>
        When the sign-on form is displayed, logon using one of the user/password pairs previously inserted in the
        user table. Logon with the <strong>user1</strong> user since its associated with the <strong>role1</strong>
        role. This role was set in the <strong>web.xml</strong> file as authorized to access the partner web
        application.
    </p>
    <p>
        On authentication the user will be redirected back to the partner application.
    </p>
</s3>
<s3 title="Access the partner application">
    <p>
    From the partner application it will be possible, using the standard <strong>Servlet Security API</strong>, to
    access the information of the logged user.
    </p>
    <p>
        Lets see how this can be done  :
    </p>
    <source><![CDATA[
<%@ page contentType="text/html; charset=iso-8859-1" language="java" %>
<!doctype html public "-//w3c//dtd html 4.0 transitional//en">
<html>
<head>
	<title>Sample Partner Application - JOSSO</title>
</head>

<body>
    <p>This is a very simple JOSSO partner application</p>
    <p>Your username is : <b><%=request.getRemoteUser()%></b>&nbsp;
    <font color="red">(Retrieved from request.getRemoteUser())</font></p>
</body>
</html>
]]></source>
    <p>
        You should see something like :
    </p>
    <source>
        This is a very simple JOSSO partner application

        Your username is : user1 (Retrieved from request.getRemoteUser())

    </source>
    <p>
    Note: In this example we used as a JSP partner web application. You can protected any java web application
    (ie: Servlet, Struts, etc.).
    </p>
</s3>
    <s3 title="Using the Custom User Properties Feature">
        <p>
        As seen in the previous sample configuration file, using the &lt;userPropertiesQueryString&gt; element
        its possible to make the Single Sign-On Gateway include custom user properties to the Principal. Such
        Principal will then be available to partner web application using the standard Servlet Security API, allowing
        the partner application to access additional user properties without having to query the resource containing
        the additional user properties.
        </p>
        <p>
        These properties are stored in the org.josso.gateway.identity.SSOUser class instance as an array of
        org.josso.gateway.SSONameValuePair class instances.
        </p>
        <p>
        To access such properties you will have to cast the User Principal associated with the HttpServletRequest
        in the following way :
        </p>
        <source><![CDATA[
...
<%  // Check if we have a principal ...
    if (request.getUserPrincipal() != null)
    { %>
        <p>Your username is : <b><%=request.getRemoteUser()%></b>&nbsp;
        <font color="red">(Retrieved from request.getRemoteUser())</font></p>
<%      // Cast the principal to a josso specific user,
        //and iterate over its properties.
        org.josso.gateway.identity.SSOUser ssoUser =
                    (org.josso.gateway.identity.SSOUser)
                                    request.getUserPrincipal();
        for (int i = 0 ; i < ssoUser.getProperties().length ; i++)
        { %>
            <p><%=ssoUser.getProperties()[i].getName()%> :
            <%=ssoUser.getProperties()[i].getValue()%> </p>
<%      } %>
<%  }
...
]]></source>

    <p>
        For more detail, check the sample located in the <strong>src/webapp/samples/partnerapp/josso</strong> directory
        of the JOSSO distribution.
    </p>
    <p>
        Or browse the sample online from our CVS repository
        <link href="http://cvs.sourceforge.net/viewcvs.py/josso/josso/src/webapp/samples/partnerapp/josso/">here</link>
    </p>
    <note>
    To use this feature make sure you complete the step described in the <strong>'Add a JAAS Realm'</strong> section of the
    <link href="configuring.html">Configuring guide</link>. The standard Catalina <strong>JAASRealm</strong> is no longer used,
    instead a JOSSO JAAS Realm must be used now.
    </note>
    </s3>
</s2>
</s1>
<s1 title="For more information">
<p>
Check the sample partner application in the JOSSO distribution located in the <strong>src/webapp/samples/partnerapp</strong>
directory. Browse it online from our CVS repository <link href="http://cvs.sourceforge.net/viewcvs.py/josso/josso/src/webapp/samples/">here</link>.
</p>
</s1>
<s1 title="Comments">
    <p>
        Care to comment on this How-To? Help keep this document relevant by passing along any constructive feedback to the
        <link href="mailto:docs@josso.org?subject=Developer-Howto:">josso-docs</link>
    </p>
</s1>
<s1 title="Revisions">

    <ul>
        <li>
            Updated the document so that its in sync with release 1.0.0 RC2.
        </li>
        <li>
            Updated the document so that its in sync with release 1.1.
        </li>
    </ul>
    <p>
    </p>
    <p>
    </p>
</s1>
</body>
</document>
