<?xml version="1.0" encoding="UTF-8"?>
<!DOCTYPE document PUBLIC "-//APACHE//DTD Documentation V1.2//EN" "http://apache.org/forrest/dtd/document-v12.dtd">
<document>
    <header>
        <title>Welcome to the Java Open Single Sign-On Project</title>
    </header>
    <body>
        <section>

            <title>News</title>
            <p>
                <strong>NEWS (June 8, 2005) : </strong>
                <link href="http://sourceforge.net/project/showfiles.php?group_id=116854">
                    JOSSO 1.3</link>
                <strong> available!</strong>.
            </p>
            <p>
                 This update includes the following significant changes :
            </p>
            <ul>
                <li>Support for JBoss 4.0.2 application server</li>
                <li>Support for Jakarta Tomcat 5.5.9 web container</li>
                <li>Compatibility with JDK5</li>
                <li>Enhanced build system for easier implementation of container compatibility plugins</li>
                <li>Avalability of a Jakarta Tomcat 5.5.9 and JBoss 4.0.2 bundles which can be downloaded from
                    <link href="http://sourceforge.net/project/showfiles.php?group_id=116854">here</link>
                </li>
                <li>Several bug fixes and minor enhancements</li>
            </ul>
                <p>Its recommended that 1.2.1 users follow the
                   <link href="http://sourceforge.net/forum/forum.php?thread_id=1298562&amp;forum_id=399715">Migration Roadmap</link>
                   for upgrading.
                </p>
            <p/>
            <p/>
            <p>
                <strong>NEWS (April 21, 2005) : </strong>
                <link href="http://sourceforge.net/project/showfiles.php?group_id=116854">
                    JOSSO 1.2.1</link>
                <strong> available!</strong>.
            </p>
            <p>
                JOSSO 1.2.1 is a mainly a maintenance release.
                Version 1.2.1 fixes several minor bugs and adds some enhancements.
            </p>
            <p>
                JOSSO 1.2 users are *strongly* recommended to upgrade to the 1.2.1 version.
            </p>
            <p>
            Jakarta Catalina 5.0.28 and JBoss 3.2.7 bundles with JOSSO 1.2.1 are also available.
            </p>

            <p>
                <strong>NEWS (February 24, 2005) : </strong>
                <link href="http://java.net">java.net</link> has recently published an article by <strong>Gianluca Brigandi</strong> about
                Single Sing-On integration in Apache's Pluto Portlet container.
                He shows how to provide Single Sign-On functionallity in Pluto using JOSSO.
                You can read the article <link href="http://today.java.net/pub/a/today/2005/02/18/josso.html">here</link>
            </p>
            <p>
                <strong>NEWS (February 2, 2005) : </strong>
                <link href="http://sourceforge.net/project/showfiles.php?group_id=116854">
                    JOSSO 1.2</link>
                <strong> available!</strong>.
            </p>
            <p/>
            <p>
                It includes the following main <strong>features</strong> :
            </p>
            <ul>
                <li>
                    Support for <strong>Strong Authentication</strong> using <strong>X.509</strong> client certificates. Check
                    the <link href="strong-authentication.html">Strong Authentication HOW-TO</link>.
                </li>
                <li>
                    Client Plugin for <strong>Microsoft ASP</strong>. This allows to build SSO-enabled ASP web applications.
                    Check the <link href="asp-howto.html">ASP Developer HOW-TO</link>.
                </li>
                <li>
                    <strong>Authentication</strong> and <strong>SSL support</strong> for the <strong>Agent-Gateway SOAP channel</strong>.
                    Single Sign-On transactions can be kept private. Specially useful for Internet-wide JOSSO deploys.
                </li>
                <li>
                    Support for <strong>multiple simultaneous authentication schemes</strong>. If the user does not own a certificate it
                    can still log in using basic authentication (e.g. user/password).
                </li>
                <li>
                    Compatibility with <link href="http://portals.apache.org/pluto/">Apache Pluto Container</link>.
                    Availability of a Pluto + JOSSO 1.2 bundle which can be downloaded from
                    <link href="http://sourceforge.net/project/showfiles.php?group_id=116854">here</link>.
                </li>
                <li>
                    Avalability of a Jakarta Tomcat and JBoss + JOSSO 1.2 bundles which can be downloaded
                    from <link href="http://sourceforge.net/project/showfiles.php?group_id=116854">
                    here</link>.
                </li>
            </ul>
            <p>
                Several minor enhancements and bug fixes are also included in the release.
            </p>
            <p/>
            <p/>
            <p>
                <strong>NEWS (December 10, 2004) : </strong>
                JOSSO was mentioned by <strong>Mark Johnson</strong> at the <strong>New England Java Users Group (NEJUG)</strong>
                Single Sign-On Conference.
                Download the Power Point Presentation from
                <link href="NEJUG_SSO.ppt">
                    here</link>
                <strong>.</strong>
            </p>
            <p/>
            <p>
                <strong>NEWS (December 9, 2004) : </strong>
                Navaneeth Krishnan, leader of the Portlet community at <strong>Java.Net</strong>, speaks about Network Identity,
                Liberty Alliance and Identity Enabled Portals and the role of <strong>JOSSO</strong> Single Sign-On in
                <strong>providing an Identity Template for Portal Infrastructures</strong>.
            </p>
            <p>
                Read the article
                <link href="http://weblogs.java.net/blog/navaneeth/archive/2004/12/network_identit.html">
                here</link>.
           </p>
            <p/>

            <p>
                <strong>NEWS (December 4, 2004) : </strong>
                <link href="http://sourceforge.net/project/showfiles.php?group_id=116854">
                    JOSSO 1.1.1</link>
                <strong> available!</strong>.
            </p>
            <p>
                JOSSO 1.1.1 is a mainly a maintenance release.
                Version 1.1.1 fixes several minor bugs.
            </p>
            <p>
                JOSSO 1.1 users are *strongly* recommended to upgrade to the 1.1.1 version.
            </p>
            <p>
                The following enhancements are also included :
            </p>
            <ul>
                <li>
                    Additional mechanism supported for n-tier/multi host configurations which does not require a reverse proxy. Check the josso-gateway-config.xml configuration file to enable this feature.
                </li>
                <li>
                    Support for specifying in the SSO Gateway configuration the URLs to redirect the user on succesfull signon and logout.
                </li>
            </ul>
            <p>
            Jakarta Catalina 5.0.28 and JBoss 3.2.7 bundles with JOSSO 1.1.1 are also available.
            </p>
            <p/>
            <p/>
            <p/>
            <p>
                <strong>NEWS (November 12, 2004) : </strong>
                <link href="http://sourceforge.net/forum/forum.php?forum_id=422350">
                    Patch for JOSSO 1.1</link>
                <strong> available!</strong>.
            </p>
            <p/>
            <p>
                <strong>NEWS (October 25, 2004) : </strong>
                <link href="http://sourceforge.net/project/showfiles.php?group_id=116854">
                    JOSSO 1.1</link>
                <strong> available!</strong>.
            </p>
            <p/>
            <p>
                It includes the following main <strong>features</strong> :
            </p>
            <ul>
                <li>
                    JBoss 3.2.6/3.2.7 support. The user identity gets propagated to the EJB tier.
                </li>
                <li>
                    Client API for PHP. This allows to build SSO-enabled PHP applications.
                    Check the <link href="php-howto.html">PHP Developer HOW-TO</link>.
                </li>
                <li>
                    LDAP support for storing user information and credentials.
                </li>
                <li>
                    XML support for storing user information and credentials.
                </li>
                <li>
                    Avalability of a Jakarta Tomcat + JOSSO 1.1 bundle which can be downloaded
                    from <link href="http://sourceforge.net/project/showfiles.php?group_id=116854">
                    here</link>.
                </li>
            </ul>
            <p>
                Several minor enhancements are also included in the release.
            </p>
            <p/>
            <p/>

            <p>
                NEWS (September 17, 2004) :
                <link href="http://sourceforge.net/project/showfiles.php?group_id=116854">
                    JOSSO 1.0.0 RC2</link>
                available!.
            </p>
            <p/>
            <p>
                It includes the following main features :
            </p>
            <ul>
                <li>
                    The redirect from the partner application to the Gateway Login form and Logoff action is
                    performed transparently by the Single Sign-On Agent. See the 'Create the Redirect Page' section of
                    the <link href="developer-howto.html">
                        Developer How-To</link> for more details.
                </li>
                <li>
                    Added Support for Custom User Properties. Using this feature its possible to include in the
                    Principal associated with the HttpServletRequest arbitrary properties. See the
                    <link href="developer-howto.html">
                        Developer How-To</link> for more details.
                </li>
            </ul>
            <p>
                Several bug fixes are also included in the release.
            </p>
            <p/>
            <p/>
            <p>NEWS (September 14, 2004) :
                <link href="developer-howto.html">JOSSO Developer HOW-TO</link> published.
            </p>
            <p>NEWS (September 9, 2004) : JOSSO
                <link href="http://sourceforge.net/project/showfiles.php?group_id=116854">1.0 Release
                    Candidate</link> is now available!
            </p>
        </section>
        <section>
            <title>What is JOSSO?</title>
            <p>
                JOSSO, or Java Open Single Sign-On, is an open source J2EE-based SSO infrastructure aimed to provide a
                solution for centralized platform neutral user authentication.
            </p>
            <figure src="images/josso-arc.gif" alt="JOSSO Architecture"/>
        </section>
        <section>
            <title>Pluggable Framework</title>
            <p>
                The Pluggable framework allows to implement and combine multiple authentication schemes with credential stores.
            </p>
            <p>
                An authentication scheme is a security mechanisms used to verify user identity based on his
                credentials. Sample authentication schemes are username/password authentication or Certificate based
                authentication.
            </p>
            <p>
                Credential Stores are repositories for user credentials to be used during the user authentication transaction
            </p>
            <p>
                You could configure JOSSO to use for example certificate-based authentication scheme obtaining user
                X.509 certificates from a database using JDBC.
            </p>
        </section>
        <section>
            <title>Multi-platform Single Sign-On</title>
            <p>
                JOSSO uses web services for asserting user identity, allowing the integration of non-Java applications
                (i.e: PHP, Microsoft ASP, etc.) to the Single Sign-On Service using the SOAP over HTTP protocol.
            </p>
        </section>
        <section>
            <title>Reverse Proxy Support</title>
            <p>
                JOSSO comes with a Reverse Proxy component that can be used to create n-tier Single Sign-On
                configurations.
            </p>
        </section>
        <section>
            <title>Standard Based</title>
            <ul>
                <li>JOSSO security infrastructure is based on JAAS (Java Authentication and Authorization Service)</li>
                <li>JOSSO uses web services implementing Axis as the distributed infrastructure.</li>
                <li>JOSSO uses Struts and JSP standards</li>
            </ul>
        </section>
        <section>
            <title>Contributing</title>
            <p>
                We are always looking for contributions.
                Please contact us
                <link href="mailto:josso-contrib@josso.org">here</link>.
            </p>
        </section>
    </body>
</document>
