<?xml version='1.0' encoding='ISO-8859-1'?>
<!--
  Copyright (c) 2004-2005, Novascope S.A. and the JOSSO team
   All rights reserved.
   Redistribution and use in source and binary forms, with or
   without modification, are permitted provided that the following
   conditions are met:

   * Redistributions of source code must retain the above copyright
     notice, this list of conditions and the following disclaimer.

   * Redistributions in binary form must reproduce the above copyright
     notice, this list of conditions and the following disclaimer in
     the documentation and/or other materials provided with the
     distribution.

   * Neither the name of the JOSSO team nor the names of its
     contributors may be used to endorse or promote products derived
     from this software without specific prior written permission.

   THIS SOFTWARE IS PROVIDED BY THE COPYRIGHT HOLDERS AND
   CONTRIBUTORS "AS IS" AND ANY EXPRESS OR IMPLIED WARRANTIES,
   INCLUDING, BUT NOT LIMITED TO, THE IMPLIED WARRANTIES OF
   MERCHANTABILITY AND FITNESS FOR A PARTICULAR PURPOSE ARE
   DISCLAIMED. IN NO EVENT SHALL THE COPYRIGHT OWNER OR CONTRIBUTORS
   BE LIABLE FOR ANY DIRECT, INDIRECT, INCIDENTAL, SPECIAL,
   EXEMPLARY, OR CONSEQUENTIAL DAMAGES (INCLUDING, BUT NOT LIMITED
   TO, PROCUREMENT OF SUBSTITUTE GOODS OR SERVICES; LOSS OF USE,
   DATA, OR PROFITS; OR BUSINESS INTERRUPTION) HOWEVER CAUSED AND ON
   ANY THEORY OF LIABILITY, WHETHER IN CONTRACT, STRICT LIABILITY,
   OR TORT (INCLUDING NEGLIGENCE OR OTHERWISE) ARISING IN ANY WAY
   OUT OF THE USE OF THIS SOFTWARE, EVEN IF ADVISED OF THE
   POSSIBILITY OF SUCH DAMAGE.
-->
<!-- $Id -->
<!DOCTYPE document PUBLIC "-//APACHE//DTD Documentation V1.0//EN" "document-v10.dtd">
<document>
    <header>
        <title>HOW-TO: Integrating JOSSO with JBoss 4</title>
        <authors>
            <person name="Gianluca Brigandi" email="gbrigand@josso.org"/>
        </authors>
    </header>
    <body>
        <s1 title="Prerequisites">

            <p>
                Before starting to integrate JOSSO with Tomcat JBoss 4 make sure you have built JOSSO following the
                <link href="building.html">Building</link>
                How-TO.
            </p>

            <p>
                  Before configuring JOSSO make sure you have installed the JDK 1.5 that can be downloaded from
                <link href="ext:jdk5">here</link> .
                  The
                  <strong>JAVA_HOME</strong> environment variable must be set to the JDK installation directory.
              </p>
              <p>
                  For Unix systems you can use :
              </p>
              <source>
                  $ export JAVA_HOME=/usr/local/jdk1.5.0_03
              </source>
              <p>
                  For Win32 systems you can use :
              </p>
              <source>
                  set JAVA_HOME=c:\jdk1.5.0_03
              </source>
            <p>
                JOSSO can be deployed in the JBoss 4 application server, providing the authenticated user's identity
                to the partner web application and EJBs.
            </p>
            <p>
                The JBoss application server can be downloaded from
                <link href="ext:jboss">here</link> .
            </p>
            <p>
                In order to integrate JOSSO with JBoss to implement a Single Sign-on Infrastructure, you should use
                <strong>JBoss 4.0.2</strong>.
            </p>
            <p>
                The <strong>JBOSS_HOME</strong> environment variable must be set pointing to the installation
                directory of JBoss.
            </p>
            <p>
                For Unix systems you can use :
            </p>
            <source>
                $ export JBOSS_HOME=/usr/product/jboss-4.0.2
            </source>
            <p>
                For Win32 systems you can use :
            </p>
            <source>
                set JBOSS_HOME=c:\jboss-4.0.2
            </source>
        </s1>
        <s1 title="Introduction">
            <p>
                This How-To will explain how to install, configure and deploy JOSSO Single Sign-On in JBoss 4.0.2 / Tomcat 5.5. application server.
            </p>
        </s1>
        <s1 title="Building">
            <p>
                Once the prerequisites are satisfied you can start building JOSSO by invoking the build script for your OS.
                from the project root.
            </p>
            <p>
                For Unix systems you should execute :
            </p>
            <source>
                $ ./build.sh
            </source>
            <p>
                For Win32 systems you should execute :
            </p>
            <source>
                build.bat
            </source>

            <p>
                If this procedure is succesfully executed you will find the following files in the ./build/josso-1.3 directory :
            </p>
            <ul>
                <li>
                    josso.war
                </li>
                <li>
                    josso-1.3.jar
                </li>
                <li>
                    josso-common-1.3.jar
                </li>

            </ul>
            <p>
                You will also find the jboss4 plugin files in the ./build/josso-1.3/plugins directory :
            </p>
            <ul>
                <li>
                    josso-tomcat55-plugin-1.3.jar
                </li>
                <li>
                    josso-jboss4-plugin-1.3.jar
                </li>
            </ul>
            <p>
                The <strong>josso.war</strong> file contains the server part of the Single Sign-On, while the
                <strong>josso-1.3.jar</strong> file contains the stubs needed to integrate the web infrastructure to
                the SSO authentication schemes.  The <strong>josso-common-1.3.jar</strong> file contains the classes that
                are shared beteween the JOSSO infrastructure and the partner applications.
            </p>
        </s1>

        <s1 title="Installing">
            <p>
            After succesfully compiling JOSSO you must install the core Jars for JOSSO to run in JBoss.
            </p>
            <p>
                 For Unix systems you should execute :
             </p>
             <source>
                 $ ./build.sh install-jboss4
             </source>
             <p>
                 For Win32 systems you should execute :
             </p>
             <source>
                 build.bat install-jboss4
             </source>
             <p>
                 This procedure must be done only once.
             </p>
            <note>
               This will install JOSSO on the <strong>default</strong> JBOSS instance. If you want to use a
               different instance set the <strong>JBOSS_INSTANCE</strong> environment variable to the propper
               JBOSS instance name. Valid values are <strong>all</strong> and <strong>minimal</strong>
            </note>
        </s1>

        <s1 title="Single-Tier Mode">
            <s2 title="The Single Sign-On Gateway Configuration">
                <p>
                    The Single Sign-On Gateway is responsible of the centralized authentication of web users using the
                    configured authentication scheme and credential store.
                </p>
                <p>
                    An authentication scheme is a security mechanisms used to verify user identity based on his
                    credentials. Sample authentication schemes are username/password authentication or Certificate based
                    authentication.
                </p>
                <p>
                    A credential is a piece of information bound to an individual that is presented to the verifier in an
                    authentication transaction. Sample credentials are username/password pair and X.509 Certificates.
                </p>
                <p>
                    User credentials must be stored using some sort of persistence mechanism, so that credentials provided
                    by the user in an authentication transaction can be checked. A Credential Store is where user credentials
                    are located. Sample credential stores are database and LDAP.
                </p>
                <p>
                    One core feature of JOSSO is to allow to combine authentication schemes and credential stores using
                    the Single Sign-On Gateway configuration file. This file is located in the josso-1.0.war file in the
                    <strong>/WEB-INF/classes</strong> path ant its called
                    <strong>josso-gateway-config.xml</strong>.
                </p>
                <p>
                    Lets have a look at an example Single Sign-On Gateway configuration file :
                </p>

                <source><![CDATA[
<?xml version="1.0" encoding="ISO-8859-1" ?>
<domain>
  <name>SampleDomain</name>
  <type>web</type>
  <authenticator>
<class>org.josso.auth.AuthenticatorImpl</class>
<authentication-schemes>
    <!-- Basic Authentication Scheme -->
    <authentication-scheme>
      <name>basic-authentication</name>
      <class>org.josso.auth.scheme.UsernamePasswordAuthScheme</class>

      <!-- ========================================================= -->
      <!-- JDBC Credential Store                                     -->
      <!-- ========================================================= -->
      <credential-store>
       <class>
       org.josso.gateway.identity.service.store.db.JDBCIdentityStore
       </class>
       <credentialsQueryString>
       SELECT login AS username , password AS password FROM josso_user
       WHERE login = ?
       </credentialsQueryString>
       <connectionName>SCOTT</connectionName>
       <connectionPassword>TIGER</connectionPassword>
       <connectionURL>jdbc:oracle:thin:@mydbhost:1521:mydb</connectionURL>
       <driverName>oracle.jdbc.driver.OracleDriver</driverName>
      </credential-store>

      <credential-store-key-adapter>
    <class>
    org.josso.gateway.identity.service.store.SimpleIdentityStoreKeyAdapter
    </class>
      </credential-store-key-adapter>

    </authentication-scheme>

</authentication-schemes>
  </authenticator>

  <sso-identity-manager>
<class>org.josso.gateway.identity.service.SSOIdentityManagerImpl</class>
<!-- ========================================================= -->
<!-- JDBC Identity Store                                       -->
<!-- ========================================================= -->
<sso-identity-store>
  <class>
  org.josso.gateway.identity.service.store.db.JDBCIdentityStore
  </class>
  <userQueryString>
   SELECT login FROM josso_user WHERE login = ?
  </userQueryString>
  <rolesQueryString>
SELECT josso_role.name FROM josso_role , josso_user_role , josso_user
WHERE josso_user.login = ? AND josso_user.login = josso_user_role.login
AND josso_role.name = josso_user_role.name
   </rolesQueryString>
   <connectionName>SCOTT</connectionName>
   <connectionPassword>TIGER</connectionPassword>
   <connectionURL>jdbc:oracle:thin:@mydbhost:1521:mydb</connectionURL>
   <driverName>oracle.jdbc.driver.OracleDriver</driverName>
</sso-identity-store>

<sso-identity-store-key-adapter>
  <class>
  org.josso.gateway.identity.service.store.SimpleIdentityStoreKeyAdapter
  </class>
</sso-identity-store-key-adapter>
  </sso-identity-manager>

  <sso-session-manager>
<class>org.josso.gateway.session.service.SSOSessionManagerImpl</class>

<!--
Set the maximum time interval, in minutes, between client requests
before the SSO Service will invalidate the session. A negative time
indicates that the session should never time out.
-->
<maxInactiveInterval>1</maxInactiveInterval>

<sso-session-store>
  <class>
  org.josso.gateway.session.service.store.MemorySessionStore
  </class>
</sso-session-store>

<sso-session-id-generator>
  <class>
   org.josso.gateway.session.service.SessionIdGeneratorImpl
  </class>
  <!--
  The message digest algorithm to be used when generating session
  identifiers.  This must be an algorithm supported by the
  java.security.MessageDigest class on your platform.

  In J2SE 1.4.2 you can check :
  Java Cryptography Architecture API Specification & Reference -
  Apendix A : Standard Names
  Values are : MD2, MD5, SHA-1, SHA-256, SHA-384, SHA-512
  -->
  <algorithm>MD5</algorithm>
</sso-session-id-generator>
  </sso-session-manager>
</domain>
            ]]></source>
            <s3 title="Configuring the Authenticator">
                <p>
                    The Authenticator is the component responsible of realizing a concrete authentication scheme.
                </p>
                <p>
                    The authentication scheme to be implemented must be set in the
                    <strong>class</strong> element, child of the
                    <strong>authenticator</strong> element. For username/password authentication scheme set it to
                    <strong>org.josso.auth.scheme.UsernamePasswordAuthScheme</strong>.
                </p>
                <p>
                    Now you will need to tell the authenticator the persistence mechanism to be used for obtaining the user
                    credentials when asserting his identity. You can configure this by setting the
                    <strong>class</strong> element child of
                    the
                    <strong>credential-store</strong> element. For database persistence mechanism set it to
                    <strong>org.josso.gateway.identity.service.store.db.JDBCIdentityStore</strong>.
                </p>
                <p>
                    Once you chose persistence mechanism to be used by the authenticator, you will need to tell the store how
                    to obtain the username and password information from your specific store. In case of a JDBC credential store
                    you must set the
                    <strong>credentialsQueryString</strong> element value with the SQL SELECT query that will
                    retrieve the username and password for a user.
                </p>
                <p>
                    In case of using the database persistence mechanism you will also need to set the specific values for the
                    <strong>connectionName</strong>,
                    <strong>connectionPassword</strong>,
                    <strong>connectionURL</strong> and
                    <strong>driverName</strong> elements.
                </p>
            </s3>
            <s3 title="Configuring the Identity Manager">
                <p>
                    The Identity Manager is the component responsible of authenticating the user using the configured authenticator
                    and managing the authenticated user sessions.
                </p>
                <p>
                    The identity manager to be implemented must be set in the
                    <strong>class</strong> element, child of the
                    <strong>identity-manager</strong> element. To use the default Identity Manager set this element value to
                    <strong>org.josso.gateway.identity.service.SSOIdentityManagerImpl</strong>.
                </p>
                <p>
                    Now you will need to tell the identity manager the persistence mechanism to be used for obtaining user and
                    role information. You can configure this by setting the
                    <strong>class</strong> element child of
                    the
                    <strong>sso-identity-store</strong> element. For database persistence mechanism set it to
                    <strong>org.josso.gateway.identity.service.store.db.JDBCIdentityStore</strong>.
                </p>
                <p>
                    Once you set the persistence mechanism to be used by the identity manager, you will need to tell the identity
                    store how to obtain the user and role information from your specific store. In case of a JDBC identity store
                    you must set the
                    <strong>userQueryString</strong> element value with the SQL SELECT query that will
                    retrieve the username for a user given user. This username will then be used to retrieve the user's roles
                    by executing the SQL SELECT query declared in the
                    <strong>rolesQueryString</strong>.
                </p>
                <p>
                    In case of using the database persistence mechanism you will also need to set the specific values for the
                    <strong>connectionName</strong>,
                    <strong>connectionPassword</strong>,
                    <strong>connectionURL</strong> and
                    <strong>driverName</strong> elements.
                </p>
            </s3>
            <s3 title="Configuring the Session Manager">
                <p>
                    The Single Sign-On Session Manager is the component responsible of managing the lifecycle of an
                    SSO User Session. On succesfull user authentication the Single Sign-On Gateway creates a new
                    SSO Session using the Session Manager.
                </p>
                <p>
                    The concrete session manager to be instantiated, its store for persisting SSO sessions among other
                    things can be configured but for most common uses the default configuration will do just fine.
                </p>
            </s3>
        </s2>

        <s2 title="Single Sign-On Agent Configuration">
                <p>
                    In order to be able to work in a Single-Tier fashion, an SSO Agent will have to be configured.
                </p>
                <p>
                    The main responsability of the Single Sign-On Agent is to check that a previosly user logged through the
                    Single Sign-On Gateway is authorized to access a web context.
                </p>
                <p>
                    The Agent verifies this information by querying via SOAP the Single Sign-On Webservice infrastructure using
                    a special cookie set by the Single Sign-On Gateway on authentication.
                </p>
                <s3 title="josso-config.xml">

                    <p>
                        The
                        <strong>josso-config.xml</strong> file represents the master configuration file which is used to declare
                        the concrete configuration files that will be used by JOSSO to customize its behaviour.
                    </p>
                    <p>
                        This file must reside in the
                        <strong>$JBOSS_HOME/server/default/conf</strong> directory in order to be located by
                        the Single Sign-On Agent Valve.
                    </p>
                    <p>
                        Let's take a look at an example
                        <strong>josso-config.xml</strong> file that will configure a JOSSO Single
                        Sign-On Agent :
                    </p>
                    <source><![CDATA[
    <?xml version="1.0" encoding="ISO-8859-1" ?>
    <configuration>
      <hierarchicalXml fileName="josso-agent-config.xml"/>
    </configuration>
                        ]]></source>
                    <p>
                        Using this configuration JOSSO is told to import the
                        <strong>josso-agent-config.xml</strong> XML configuration
                        file. Any configuration file referenced in the
                        <strong>josso-config.xml</strong> file must reside in the
                        same directory as the
                        <strong>josso-config.xml</strong> which is
                        <strong>$JBOSS_HOME/server/default/conf</strong>.
                    </p>
                    <p>
                        For more detail check the examples
                        <link href="http://cvs.sourceforge.net/viewcvs.py/josso/josso/src/resources/">here</link>
                    </p>
                    <p>
                        The Single Sign-On Gateway has its own josso-config.xml configuration file,
                        which is completely independent of the $JBOSS_HOME/server/default/conf/josso-config.xml.
                        The JOSSO configuration files located in the $JBOSS_HOME/server/default/conf directory (josso-*) are only
                        used by the Single Sign-on Agent and Reverse Proxy components.

                        If you want to place all JOSSO configuration files together, including the gateway configuration,
                        you can : move all <strong>josso-*</strong> files to <strong>$JBOSS_HOME/server/default/conf</strong>
                         directory, set the following build property to true : <strong>exclude.config=true</strong> when
                        building and deploying, and modify the josso-config.xml file to include all necessary files :
                        josso-agent-config.xml, josso-gateway-config.xml, etc.

                        Add this property to your local.build.properties file, located in the $JOSSO_HOME directory.
                    </p>
                </s3>
                <s3 title="Protect a Web Application">
                        <p>
                            In order to be able to work in a Single-Tier fashion, an SSO Agent will have to be configured.
                        </p>
                        <p>
                            The main responsability of the Single Sign-On Agent is to check that a previosly user logged through the
                            Single Sign-On Gateway is authorized to access a web context.
                        </p>
                        <p>
                            The Agent verifies this information by querying via SOAP the Single Sign-On Webservice infrastructure using
                            a special cookie set by the Single Sign-On Gateway on authentication.
                        </p>
                        <p>
                            So first we will have protect a specific JBoss host using the
                            <strong>Single Sign-On Agent Valve</strong>.
                            which is done by modifying the
                            <strong>$JBOSS_HOME/server/default/deploy/jbossweb-tomcat55.sar/server.xml</strong> file in the following way :
                        </p>
                        <source><![CDATA[

        <Server>
          ...
          <Service>
            ...
            <Engine>
              ...
              <Host name="localhost" ...>
                ...
                <Valve className="org.josso.tc55.agent.SSOAgentValve" debug="1"/>
                ...
              </Host>
            </Engine>
          </Service>
        </Server>
                        ]]></source>
                        <p>
                            This tells that HTTP requests for the <strong>localhost</strong> host, before being
                            delivered to the target web application, will be processed by JOSSO.
                        </p>
                        <p>
                            If the target web context matches one of the partner application web contexts defined in the
                            <strong>josso-agent.xml</strong> file, the SSO Agent will assert the Single Sign-On
                            session, obtain the user data from the Single Sign-On Gateway.
                        </p>
                        <p>
                            In case the session is valid, the Single Sign-On Agent will set the security context to the request and pass it
                            on to the web application listening for the target web context.
                        </p>
                    </s3>
                    <s3 title="Add a JAAS Realm">
                        <p>
                            A Tomcat Realm is a "database" of usernames and passwords that identify valid users of a web application
                            (or set of web applications), plus an enumeration of the list of roles associated with each valid user.
                        </p>
                        <p>
                            In order to integrate the Single Sign-On Agent with the Single Sign-On Gateway a Realm entry
                            must be added to the
                            <strong>$JBOSS_HOME/server/default/deploy/jbossweb-tomcat55.sar/server.xml</strong> file that must have the following content :
                        </p>
                        <source><![CDATA[
    <Server>
      ...
      <Service>
        ...
        <Engine name="Catalina" defaultHost="localhost" debug="0">
          ...
          <Realm className="org.josso.jb4.agent.JBossCatalinaRealm"
                 appName="josso"
                 userClassNames="org.josso.gateway.identity.service.BaseUserImpl"
                 roleClassNames="org.josso.gateway.identity.service.BaseRoleImpl"
                 debug="1" />
          ...
        </Engine>
      </Service>
    </Server>]]></source>

                    </s3>
                    <s3 title="Configure a JAAS Login Module">
                        <p>
                            The Single Sign-On Agent uses
                            <strong>JAAS</strong> (Java Authentication and Authorization
                            Service). For each request the Single Sign-On Agent intercepts, it delegates the SSO session
                            authentication to the Single Sign-On Gateway Login Module configured for the Realm.
                            The Login Module validates the session and obtains the corresponding user and role information
                            by invoking the gateway identity management web services.
                        </p>
                        <p>
                            Add an entry to the
                            <strong>login-config.xml</strong> file located in the
                            <strong>$JBOSS_HOME/server/default/conf</strong>
                            directory with the following content :
                        </p>
                        <source><![CDATA[
<application-policy name = "josso">
  <authentication>
    <login-module code = "org.josso.jb4.agent.JBossSSOGatewayLoginModule"
       flag = "required">
       <module-option name="debug">true</module-option>
    </login-module>
  </authentication>
</application-policy>
]]></source>

                    </s3>
                    <s3 title="Configure the Agent">
                        <p>
                            The Single Sign-On Agent Configuration must reside in the
                            <strong>$JBOSS_HOME/server/default/conf</strong> directory
                            and should be referenced by the
                            <strong>josso-config.xml</strong> file as stated before.
                        </p>
                        <p>
                            Let's take a look at an example Single Sign-On Agent configuration file :
                        </p>
                        <source><![CDATA[
<?xml version="1.0" encoding="ISO-8859-1" ?>
<agent>
  <class>org.josso.jb4.agent.JBossCatalinaSSOAgent</class>
  <gatewayLoginUrl>http://localhost:8080/josso/signon/login.do</gatewayLoginUrl>
  <gatewayLogoutUrl>http://localhost:8080/josso/signon/logout.do</gatewayLogoutUrl>
  <service-locator>
    <class>org.josso.gateway.WebserviceGatewayServiceLocator</class>
    <endpoint>localhost:8080</endpoint>
  </service-locator>
  <partner-apps>
      <partner-app>
          <context>/partnerapp</context>
      </partner-app>
  </partner-apps>
</agent>
                            ]]></source>
                        <p>
                            Using this configuration you can set :
                        </p>
                        <ul>
                            <li>The Gateway Login URL, where the Single Sign-On Agent will redirect the user on protected
                                resource access request so that he can authenticate.
                            </li>
                            <li>The Gateway Logout URL, where the Single Sign-On Agent will redirect the user on logout
                                request.
                            </li>
                            <li>Concrete Single Sign-On Agent to be instantiated</li>
                            <li>The concrete Service Locator to be used to invoke the services of the Single Sign-On Gateway.</li>
                            <li>The Single Sign-On partner application web contexts</li>
                        </ul>
                        <p>
                            In this specific case, which is the default, is using SOAP over HTTP to invoke The Single Sign-On Gateway
                            WebServices.
                        </p>
                        <p>
                            Its important to specify the
                            <strong>endpoint</strong> configuration parameter which should contain the
                            host and port information where the Single Sign-On WebServices are listening.
                        </p>
                        <p>
                            In the Single-Tier mode this will be
                            <strong>localhost</strong> and the port should be the port where Tomcat is listening
                            for incoming HTTP requests.
                        </p>
                        <p>
                            This configuration file defines only one partner application associated with the
                            <strong>/partnerapp</strong> web context. This means that the web application
                            associated with the <strong>/partnerapp</strong> web context will be put behind
                            the Single Sign-On. You can define one or more partner applications.
                        </p>
                    </s3>
            </s2>
        </s1>
      <s1 title="N-Tier Mode">
          <p>
              JOSSO can work in a N-Tier mode using two strategies: using a Reverse Proxy or using Domain-wide SSO Session Tokens.
              In case the first one is selected, a Reverse Proxy should be put in front of partner applications, in order for every incoming HTTP requests to be proxied to the corresponding application.
              A simpler option is to use domain-wide SSO Session tokens, which mainly makes the HTTP cookie holding the SSO Session, valid for a whole DNS domain (e.g. example.com) instead of a single host.
          </p>

      <s2 title="Reverse Proxy">
            <p>

            </p>
            <s3 title="josso-config.xml">

                <p>
                    The
                    <strong>josso-config.xml</strong> file represents the master configuration file which is used to declare
                    the concrete configuration files that will be used by JOSSO to customize its behaviour.
                </p>
                <p>
                    As we saw in the previous chapters this file must reside in the
                    <strong>$JBOSS_HOME/server/default/conf</strong> directory in order to be located by
                    the Single Sign-On Reverse Proxy Valve.
                </p>
                <p>
                    Let's take a look at an example
                    <strong>josso-config.xml</strong> file that will configure a JOSSO Single
                    Sign-On Reverse Proxy :
                </p>
                <source><![CDATA[
<?xml version="1.0" encoding="ISO-8859-1" ?>
<configuration>
  <hierarchicalXml fileName="josso-reverseproxy-config.xml"/>
</configuration>
                    ]]></source>
                <p>
                    Using this configuration JOSSO is told to import the
                    <strong>josso-reverseproxy-config.xml</strong> XML configuration
                    file. Any configuration file referenced in the
                    <strong>josso-config.xml</strong> file must reside in the
                    same directory as the
                    <strong>josso-config.xml</strong> which is
                    <strong>$JBOSS_HOME/server/default/conf</strong>.
                </p>
            </s3>

            <s3 title="JBoss Tomcat Configuration">
                <p>
                    In order to be able to work in the Reverse Proxy mode, an SSO Reverse Proxy will have to be configured.
                </p>
                <p>
                    The Reverse Proxy responsability is to forward incoming HTTP/S requests coming from an external
                    network to host located in an internal network.
                </p>
                <p>
                    For the Reverse Proxy to intercept requests for a given host you will need to add the following
                    entry to the
                    <strong>$JBOSS_HOME/server/default/deploy/jbossweb-tomcat55.sar/server.xml</strong>  :
                </p>
                <source><![CDATA[
<Server>
  ...
  <Service>
    ...
    <Engine>
      ...
      <Host name="localhost" debug="0" appBase="webapps"
       unpackWARs="true" autoDeploy="true"
       xmlValidation="false" xmlNamespaceAware="false">
        ...
        <Valve className="org.josso.tc55.gateway.reverseproxy.ReverseProxyValve"/>
        ...
      </Host>
    </Engine>
  </Service>
</Server>]]></source>

                <p>
                    This file tells that the requests received by the host
                    <strong>localhost</strong> will be forwarded
                    for introspection by the Single Sign-On Reverse Proxy Valve so that it can check if the incoming
                    HTTP should be reverse proxied and to which host.
                </p>
            </s3>
            <s3 title="Reverse Proxy Configuration">
                <p>
                    The Single Sign-On Agent Configuration must reside in the
                    <strong>$JBOSS_HOME/server/default/conf</strong> directory
                    and should be referenced by the
                    <strong>josso-config.xml</strong> file as stated before.
                </p>
                <p>
                    Let's take a look at an example Single Sign-On Reverse Proxy configuration file :
                </p>
                <source><![CDATA[
<?xml version="1.0" encoding="ISO-8859-1" ?>
<reverse-proxy>
  <proxy-contexts>
    <proxy-context>
      <name>proxy-context-1</name>
      <context>/internal1</context>
      <forward-host>internalhost1:8080</forward-host>
    </proxy-context>

    <proxy-context>
      <name>proxy-context-2</name>
      <context>/internal2</context>
      <forward-host>internalhost2:8080</forward-host>
      <forward-uri>/external</forward-host>
    </proxy-context>
  </proxy-contexts>
</reverse-proxy>
                    ]]></source>
                <p>
                    This configuration file defines two
                    <strong>proxy-contexts</strong> : the proxy-context-1 and the proxy-context-2 .
                </p>
                <p>
                    The proxy-context-1 tells the reverse proxy to forward all requests pointed to the
                    <strong>/internal1</strong>
                    context to the internal host called
                    <strong>internalhost1</strong> listening in the 8080 port.
                </p>
                <p>
                    While the proxy-context-2 tells the reverse proxy to forward all requests pointed to the
                    <strong>/internal2</strong> context to the internal host called
                    <strong>internalhost2</strong>
                    listening in the 8080 port. The difference with the
                    <strong>proxy-context-1</strong> definition
                    is that when contacting the internal host, the reverse proxy will prepend
                    <strong>/external</strong>
                    to the request uri.
                </p>
                <p>
                    If the requested context does not match any of the declared proxy contexts int the
                    <strong>josso-reverseproxy-config.xml</strong> configuration file, it will be ignored and passed by
                    to the next valve in the chain so that Catalina can do the handling.
                </p>
            </s3>
      </s2>

      <s2 title="Domain-wide SSO Session Tokens">
          <p>

          </p>
          <s3 title="DNS">
            <p>
            JOSSO uses a session HTTP cookie to keep track of the SSO session identifier.  This cookie lives as long
            as the browser window is open, being sent only in requests associated with the domain that generated it.
            This means that all JOSSO partner applications must be accessed using the same domain.
            </p>
            <p>
            The first thing to do then is making sure that the host where partner applications are running has the same domain
            extension as the host where JOSSO resides.
            </p>
            <p>
            This means that if JOSSO is running on a host named <strong>sso.example.com</strong>, the servers with partner applications
            must be running on a host whose FQDN has <strong>example.com</strong> as the domain extension.
            (e.g. partnerapp.example.com). This way, the SSO Session token (cookie) associated with the
            <strong>example.com</strong> domain can reach the partner applications, allowing the Single Sign-On
            session to be validated against the Gateway.
            </p>
          </s3>
          <s3 title="JOSSO Gateway">
                <p>
                    Once a common domain for the JOSSO and Partner Application hosts is established, the next thing to
                    do is telling Gateway which is the domain (e.g. example.com) that will be associated to Sigle Sign-On
                    sessions on user authentication.
                </p>
                <p>
                    Edit the <strong>josso-gateway-config.xml</strong> file and add :
                </p>
            <source><![CDATA[
            <domain>
            ...
              <session-token>
                <scope>.example.com</scope>
                <secure>false</secure>
              </session-token>
            ...
            </domain>]]></source>
                    <p>
                    We are assuming the DNS domain used is 'example.com' .
                    </p>
          </s3>

      </s2>
    </s1>

    <s1 title="Deploying">
        <note>
            JOSSO JBoss 4.x plugin is compatible only with the JBoss 4.0.2 version.
        </note>
        <p>
            The JBoss output artifact of the build procedure is an EAR file called <strong>josso.ear</strong>
            which contains the josso.war, partnerapp.war and partnercomponent.jar files.
            The <strong>josso.ear</strong> file must be deployed in JBoss by invoking the
            following command :
        </p>
        <p>
             For Unix systems you should execute :
         </p>
         <source>
             $ ./build.sh deploy-jboss4
         </source>
        <p>
            For Win32 systems you should execute :
        </p>
        <source>
            build.bat deploy-jboss4
        </source>
        <p>
            This command will also copy the
            <strong>josso-1.3.jar</strong>, <strong>josso-common-1.3.jar</strong>,
            <strong>josso-tomcat55-plugin-1.3.jar</strong> , <strong>josso-jboss4-plugin-1.3.jar</strong> files to
            the $JBOSS_HOME/server/default/deploy/jbossweb-tomcat55.sar directory, so that
            the Single Sign-On Agent and Reverse Proxy Tomcat Valves can be deployed.
        </p>
        <note>
            If you want to exclude JOSSO web/ejb samples from your distribution, you can use the following build property :
            exclude.samples=true JOSSO web/ejb samples will be excluded from the deploy.
            Add this property to the local.build.properties file in your JOSSO_HOME directory.
        </note>

    </s1>

    <s1 title="Running">
        <s2 title="Run JBoss">

            <p>
                Change to the
                <strong>$JBOSS_HOME/bin</strong> directory and run the startup script provided for
                your Operating System.
            </p>
            <p>
                For Unix systems you can use :
            </p>
            <source>
                ./run.sh
            </source>
            <p>
                For Win32 systems you can use :
            </p>
            <source>
                run.bat
            </source>
        </s2>

        <s2 title="Running the Samples">
            <p>
                Samples are bundled in josso.ear file unless specified otherwise.
            </p>
            <p>
                On succesfull deploy, call the sample partner application using the
                <link href="http://localhost:8080/partnerapp/protected">http://localhost:8080/partnerapp/protected</link>
                URL, and logon using the configured users. If you followed the Developer HOWTO you should use
                the user1/user1pwd account.
            </p>
            <p>
            On succesfull logon, the user identity should be displayed.
            </p>
        </s2>

    </s1>

    <s1 title="Comments">
        <p>
            Care to comment on this How-To? Help keep this document relevant by passing along any constructive feedback to the
            <link href="mailto:docs@josso.org?subject=Configuring">josso-docs</link>
        </p>
    </s1>
    <s1 title="Revisions">
        <ul>
            <li>
                Updated the document so that its in sync with release 1.3.
            </li>
            <li>
                Updated the document so that its in sync with release 1.2.
            </li>
            <li>
                Updated the document so that its in sync with release 1.1.
            </li>
            <li>
                Updated the document so that its in sync with release 1.0.0 RC2.
            </li>
        </ul>
        <p>
        </p>
        <p>
        </p>
    </s1>
</body>
</document>
