<?xml version='1.0' encoding='ISO-8859-1'?>
<!--
  Copyright (c) 2004-2005, Novascope S.A. and the JOSSO team
   All rights reserved.
   Redistribution and use in source and binary forms, with or
   without modification, are permitted provided that the following
   conditions are met:

   * Redistributions of source code must retain the above copyright
     notice, this list of conditions and the following disclaimer.

   * Redistributions in binary form must reproduce the above copyright
     notice, this list of conditions and the following disclaimer in
     the documentation and/or other materials provided with the
     distribution.

   * Neither the name of the JOSSO team nor the names of its
     contributors may be used to endorse or promote products derived
     from this software without specific prior written permission.

   THIS SOFTWARE IS PROVIDED BY THE COPYRIGHT HOLDERS AND
   CONTRIBUTORS "AS IS" AND ANY EXPRESS OR IMPLIED WARRANTIES,
   INCLUDING, BUT NOT LIMITED TO, THE IMPLIED WARRANTIES OF
   MERCHANTABILITY AND FITNESS FOR A PARTICULAR PURPOSE ARE
   DISCLAIMED. IN NO EVENT SHALL THE COPYRIGHT OWNER OR CONTRIBUTORS
   BE LIABLE FOR ANY DIRECT, INDIRECT, INCIDENTAL, SPECIAL,
   EXEMPLARY, OR CONSEQUENTIAL DAMAGES (INCLUDING, BUT NOT LIMITED
   TO, PROCUREMENT OF SUBSTITUTE GOODS OR SERVICES; LOSS OF USE,
   DATA, OR PROFITS; OR BUSINESS INTERRUPTION) HOWEVER CAUSED AND ON
   ANY THEORY OF LIABILITY, WHETHER IN CONTRACT, STRICT LIABILITY,
   OR TORT (INCLUDING NEGLIGENCE OR OTHERWISE) ARISING IN ANY WAY
   OUT OF THE USE OF THIS SOFTWARE, EVEN IF ADVISED OF THE
   POSSIBILITY OF SUCH DAMAGE.
-->
<!-- $Id: ldap-howto.xml,v 1.6 2005/06/07 01:38:50 gbrigand Exp $ -->
<!DOCTYPE document PUBLIC "-//APACHE//DTD Documentation V1.0//EN" "document-v10.dtd">
<document>
    <header>
        <title>HOW-TO: Integrating JOSSO with LDAP</title>
        <authors>
            <person name="Gianluca Brigandi" email="gbrigand@josso.org"/>
        </authors>
    </header>
    <body>
        <s1 title="Prerequisites">
            <s2 title="Install and Configure JOSSO">
                <p>
                    You should first setup JOSSO for one of the supported platforms such as Tomcat and JBoss.
                    Check the specific Setup HOW-TO corresponding to the platform where JOSSO is going to be installed.
                </p>
                <p>
                    Once you're done with the initial setup make sure that the JOSSO web application is accessible.
                </p>
            </s2>
            <s2 title="Availability of an LDAP server">
                <p>
                    In order to use a Directory as the store for user and role information, an LDAP server accessible
                    from the JOSSO Gateway. The TCP/IP ports involved in an LDAP session are the 389 and the 636
                    for SSL.
                </p>
                <p>
                    JOSSO has been tested with OpenLDAP but it should work with virtually any standard LDAP server.
                </p>
                <p>
                    OpenLDAP can be downloaded from
                    <link href="http://www.openldap.org">here</link>.
                </p>
            </s2>
        </s1>
        <s1 title="Introduction">
            <p>
                This How-To will explain how to integrate JOSSO Single Sign-On with an LDAP server as a store for
                user and role information.
            </p>
            <p>
                It will implement an LDAP Store, configured for providing authentication information
                , like the user password, using the LDAP protocol.
            </p>
        </s1>
        <s1 title="Create the schema">
            <note>
                If you already have your own schema already setup, this step is not required. You should instead
                update the josso-gateway-config.xml file so that user and role information can be
                obtained.
            </note>
            <p>
                You should create a namespace which should contain user and role entries. Lets have a look at an example
                LDIF file:
            </p>
            <source>
# OU DEFINITIONS
# People OU - for holding records of all individuals
dn: ou=People,dc=my-domain,dc=com
ou: People
objectClass: top
objectClass: organizationalUnit

# Roles OU - for holding records of roles and the users to which those roles
# have been assigned
dn: ou=Roles,dc=my-domain,dc=com
ou: Roles
objectClass: top
objectClass: organizationalUnit

# PEOPLE ENTRIES
dn: uid=user1,ou=People,dc=my-domain,dc=com
objectClass: top
objectClass: person
objectClass: organizationalPerson
objectClass: inetOrgPerson
sn: User1 SN
cn: User1 CN
uid: user1
userpassword: user1pwd
mail: user1@josso.org

dn: uid=user2,ou=People,dc=my-domain,dc=com
objectClass: top
objectClass: person
objectClass: organizationalPerson
objectClass: inetOrgPerson
sn: User2 SN
cn: User2 CN
uid: user2
userpassword: user2pwd
mail: user2@josso.org

# ROLES ENTRIES
dn: cn=role1,ou=Roles,dc=my-domain,dc=com
objectClass: top
objectClass: groupOfUniqueNames
cn: role1
uniqueMember: uid=user1,ou=People,dc=my-domain,dc=com

dn: cn=role2,ou=Roles,dc=my-domain,dc=com
objectClass: top
objectClass: groupOfUniqueNames
cn: role2
uniqueMember: uid=user2,ou=People,dc=my-domain,dc=com
            </source>
            <p>
                The LDIF file should be imported into the LDAP server using the specific command available for this
                task in the LDAP server product. In case of using OpenLDAP you should use the
                <strong>ldapadd</strong>
                command.
            </p>
            <p>
                On succesfull creation of the schema, the Directory should look like the following :
            </p>
            <figure src="images/ldap-schema.gif" alt="LDAP Schema"/>
        </s1>
        <s1 title="Configure the SSO Gateway">
            <p>
                Now we need to tell the Single Sign-On Gateway how to obtain user and role information from the LDAP
                server in order to authenticate users.
            </p>
            <p>
                We'll also tell the Single Sign-On Gateway how to load the properties of the user.
            </p>
            <p>
                Modify the
                <strong>josso-gateway-config.xml</strong> configuration file located in the
                <strong>/WEB-INF/classes</strong>
                folder of the JOSSO web application.
            </p>
            <p>
                Lets look at the josso-gateway.xml configuration file content :
            </p>
            <source><![CDATA[
<?xml version="1.0" encoding="ISO-8859-1" ?>
<domain>
  <name>SampleDomain</name>
  <type>web</type>
  <authenticator>
    <class>org.josso.auth.AuthenticatorImpl</class>

    <authentication-schemes>

        <!-- Basic Authentication Scheme -->
        <authentication-scheme>
          <name>basic-authentication</name>
          <class>org.josso.auth.scheme.UsernamePasswordAuthScheme</class>

          <!-- ================================================= -->
          <!-- LDAP Credential Store                             -->
          <!-- ================================================= -->
          <credential-store>
            <class>org.josso.gateway.identity.service.store.ldap.LDAPIdentityStore</class>
            <initialContextFactory>com.sun.jndi.ldap.LdapCtxFactory</initialContextFactory>
            <providerUrl>ldap://ldaphost</providerUrl>
            <securityPrincipal>cn=Manager,dc=my-domain,dc=com</securityPrincipal>
            <securityCredential>secret</securityCredential>
            <securityAuthentication>simple</securityAuthentication>
            <usersCtxDN>ou=People,dc=my-domain,dc=com</usersCtxDN>
            <principalUidAttributeID>uid</principalUidAttributeID>
            <rolesCtxDN>ou=Roles,dc=my-domain,dc=com</rolesCtxDN>
            <uidAttributeID>uniquemember</uidAttributeID>
            <roleAttributeID>cn</roleAttributeID>
            <credentialQueryString>
                uid=username,userPassword=password
            </credentialQueryString>
            <userPropertiesQueryString>
                mail=mail,cn=description
            </userPropertiesQueryString>
          </credential-store>
          <credential-store-key-adapter>
            <class>
              org.josso.gateway.identity.service.store.SimpleIdentityStoreKeyAdapter
            </class>
          </credential-store-key-adapter>
        </authentication-scheme>
      </authentication-schemes>
  </authenticator>

  <sso-identity-manager>
    <class>org.josso.gateway.identity.service.SSOIdentityManagerImpl</class>
    <!-- ================================================= -->
    <!-- LDAP Identity Store                               -->
    <!-- ================================================= -->
    <sso-identity-store>
      <class>org.josso.gateway.identity.service.store.ldap.LDAPIdentityStore</class>
      <initialContextFactory>com.sun.jndi.ldap.LdapCtxFactory</initialContextFactory>
      <providerUrl>ldap://ldaphost</providerUrl>
      <securityPrincipal>cn=Manager,dc=my-domain,dc=com</securityPrincipal>
      <securityCredential>secret</securityCredential>
      <securityAuthentication>simple</securityAuthentication>
      <usersCtxDN>ou=People,dc=my-domain,dc=com</usersCtxDN>
      <principalUidAttributeID>uid</principalUidAttributeID>
      <rolesCtxDN>ou=Roles,dc=my-domain,dc=com</rolesCtxDN>
      <uidAttributeID>uniquemember</uidAttributeID>
      <roleAttributeID>cn</roleAttributeID>
      <credentialQueryString>
          uid=username,userPassword=password
      </credentialQueryString>
      <userPropertiesQueryString>
          mail=mail,cn=description
      </userPropertiesQueryString>
    </sso-identity-store>

    <sso-identity-store-key-adapter>
      <class>
      org.josso.gateway.identity.service.store.SimpleIdentityStoreKeyAdapter
      </class>
    </sso-identity-store-key-adapter>
  </sso-identity-manager>

  <sso-session-manager>
    <class>org.josso.gateway.session.service.SSOSessionManagerImpl</class>

    <!--
    Set the maximum time interval, in minutes, between client requests
    before the SSO Service will invalidate the session. A negative time
    indicates that the session should never time out.
    -->
    <maxInactiveInterval>1</maxInactiveInterval>

    <sso-session-store>
      <class>
      org.josso.gateway.session.service.store.MemorySessionStore
      </class>
    </sso-session-store>

    <sso-session-id-generator>
      <class>
       org.josso.gateway.session.service.SessionIdGeneratorImpl
      </class>
      <!--
      The message digest algorithm to be used when generating session
      identifiers.  This must be an algorithm supported by the
      java.security.MessageDigest class on your platform.

      In J2SE 1.4.2 you can check :
      Java Cryptography Architecture API Specification & Reference -
      Apendix A : Standard Names
      Values are : MD2, MD5, SHA-1, SHA-256, SHA-384, SHA-512
      -->
      <algorithm>MD5</algorithm>
    </sso-session-id-generator>
  </sso-session-manager>
</domain>
                ]]></source>
            <p>
                The LDAP credential and identity store properties are :
            </p>
            <ul>
                <li>
                    securityPrincipal: the DN of the user to be used to bind to the LDAP Server
                </li>

                <li>
                    securityCredential: the securityPrincipal password to be used for binding to the
                    LDAP Server.
                </li>
                <li>
                    securityAuthentication: the security level to be used with the LDAP Server session.
                    Its value is one of the following strings:
                    "none", "simple", "strong".
                    If not set, "simple" will be used.
                </li>

                <li>
                    usersCtxDN : the fixed distinguished name to the context to search for user accounts.
                </li>
                <li>
                    principalUidAttributeID: the name of the attribute that contains the user login name.
                    This is used to locate the user.
                </li>
                <li>
                    rolesCtxDN : The fixed distinguished name to the context to search for user roles.
                </li>
                <li>
                    uidAttributeID: the name of the attribute that, in the object containing the user roles,
                    references role members. The attribute value should be the DN of the user associated with the
                    role. This is used to locate the user roles.
                </li>
                <li>
                    roleAttributeID : The name of the attribute that contains the role name
                </li>
                <li>
                    credentialQueryString : The query string to obtain user credentials. It should have the
                    following format : user_attribute_name=credential_attribute_name,...
                    For example :
                    uid=username,userPassword=password
                </li>
                <li>
                    userPropertiesQueryString : The query string to obtain user properties. It should have
                    the following format : ldap_attribute_name=user_attribute_name,...
                    For example :
                    mail=mail,cn=description
                </li>
            </ul>

            <p>
                Make sure you set your specific values for the for the
                <strong>providerUrl</strong>,
                <strong>securityPrincipal</strong>,
                <strong>securityCredential</strong> elements according to your LDAP settings.
            </p>
            <p>
                Do this for both the Credential Store and Identity Manager settings.
            </p>
        </s1>

        <s1 title="For more information">
            <p>
            Read the <link href="developer-howto.html">Developer HOW-TO</link>.
            </p>
        </s1>
        <s1 title="Comments">
            <p>
                Care to comment on this How-To? Help keep this document relevant by passing along any constructive feedback to the
                <link href="mailto:docs@josso.org?subject=Developer-Howto:">josso-docs</link>
            </p>
        </s1>
        <s1 title="Revisions">

            <ul>
                <li>
                    Updated the document so that its in sync with release 1.0.0 RC2.
                </li>
                <li>
                    Updated the document so that its in sync with release 1.1.
                </li>
            </ul>
            <p>
            </p>
            <p>
            </p>
        </s1>
    </body>
</document>
