<?xml version='1.0' encoding='ISO-8859-1'?>
<!--
  Copyright (c) 2004-2005, Novascope S.A. and the JOSSO team
   All rights reserved.
   Redistribution and use in source and binary forms, with or
   without modification, are permitted provided that the following
   conditions are met:

   * Redistributions of source code must retain the above copyright
     notice, this list of conditions and the following disclaimer.

   * Redistributions in binary form must reproduce the above copyright
     notice, this list of conditions and the following disclaimer in
     the documentation and/or other materials provided with the
     distribution.

   * Neither the name of the JOSSO team nor the names of its
     contributors may be used to endorse or promote products derived
     from this software without specific prior written permission.

   THIS SOFTWARE IS PROVIDED BY THE COPYRIGHT HOLDERS AND
   CONTRIBUTORS "AS IS" AND ANY EXPRESS OR IMPLIED WARRANTIES,
   INCLUDING, BUT NOT LIMITED TO, THE IMPLIED WARRANTIES OF
   MERCHANTABILITY AND FITNESS FOR A PARTICULAR PURPOSE ARE
   DISCLAIMED. IN NO EVENT SHALL THE COPYRIGHT OWNER OR CONTRIBUTORS
   BE LIABLE FOR ANY DIRECT, INDIRECT, INCIDENTAL, SPECIAL,
   EXEMPLARY, OR CONSEQUENTIAL DAMAGES (INCLUDING, BUT NOT LIMITED
   TO, PROCUREMENT OF SUBSTITUTE GOODS OR SERVICES; LOSS OF USE,
   DATA, OR PROFITS; OR BUSINESS INTERRUPTION) HOWEVER CAUSED AND ON
   ANY THEORY OF LIABILITY, WHETHER IN CONTRACT, STRICT LIABILITY,
   OR TORT (INCLUDING NEGLIGENCE OR OTHERWISE) ARISING IN ANY WAY
   OUT OF THE USE OF THIS SOFTWARE, EVEN IF ADVISED OF THE
   POSSIBILITY OF SUCH DAMAGE.
-->
<!-- $Id: php-howto.xml,v 1.6 2005/06/07 01:38:50 gbrigand Exp $ -->
<!DOCTYPE document PUBLIC "-//APACHE//DTD Documentation V1.0//EN" "document-v10.dtd">
<document>
    <header>
        <title>HOW-TO: Installing JOSSO for PHP</title>
        <authors>
            <person name="Sebastian Gonzalez Oyuela" email="sgonzalez@josso.org"/>
        </authors>
    </header>
    <body>
        <s1 title="Prerequisites">
            <p>
                To integrate a PHP application with JOSSO, an N-Tier configuration should be implemented.
                In such configuration, a PHP-enabled HTTP server should be used. This guide will use
                Apache 2.x as an HTTP Server and Reverse Proxy.
            </p>
            <p>
                You should first setup JOSSO for one of the supported platforms such as Tomcat and JBoss.
                Check the specific Setup HOW-TO corresponding to the platform where JOSSO is going to be installed.
            </p>
            <p>
                Once you're done with the initial setup make sure that the JOSSO web application is accessible.
            </p>
            <note>
            In case of using PHP5 be sure of disabling the native SOAP support in order to avoid conflicts with the
            SOAP API used by JOSSO.
            </note>
        </s1>
        <s1 title="Introduction">
            <p>
                This How-To will explain how to integrate a PHP application with JOSSO Single Sign-On.
            </p>
            <p>
                It will show how to configure JOSSO in N-Tier mode using a reverse proxy.
            </p>
            <p>
                It will show how to configure the PHP runtime in order to integrate the PHP Single Sign-On Agent.
            </p>
            <p>
                It will explain how to develop a PHP JOSSO partner application capable of accessing authenticated
                user information like username, roles and custom properties.
            </p>
        </s1>

        <s1 title="Configuring">
            <s2 title="N-Tier Mode">
                <p>
                JOSSO uses a session HTTP cookie to keep track of the SSO session identifier.  This cookie lives as long
                as the browser window is open, being sent only in requests associated with the domain that generated it.
                This means that all JOSSO partner applications must be accessed using the same domain, leaving the task
                of reaching such applications to the Reverse Proxy component.
                </p>
                <s3 title="Apache Reverse Proxy">
                    <p>
                    To enable Reverse Proxy functionality in Apache, the httpd.conf file should be edited in order to enable
                    the following modules : proxy_module (mod_proxy.so) and proxy_http_module (mod_proxy_http.so)
                    </p>
                    <source><![CDATA[
#
# Apache modules sample config for reverse proxy.
#
...
LoadModule proxy_module modules/mod_proxy.so
...
LoadModule proxy_http_module modules/mod_proxy_http.so
...
                    ]]></source>
                    <p>
                    Once the Apache reverse proxy is enabled, the reverse proxy rules should be added for the JOSSO sign-on
                    web application and for every Java partner application to be integrated with JOSSO.
                    You can check the reverse proxy module documentation
                    <link href="http://httpd.apache.org/docs-2.1/mod/mod_proxy.html">here</link>.
                    </p>
                    <p>We're assuming that Apache and JOSSO (Tomcat/JBoss) are running in the same host.
                    If this is not the case, you should replace 'localhost' references with the respective host name.</p>
                    <source><![CDATA[
#
# Josso reverse proxy rules for Apache 2.x servers :
#
# Add a pair of entries for each java web app you want to proxy,
# you will have to replace "localhost" with the
# propper host name if Apache and Josso are not in the same server.
#

# Josso signon web-app proxy rules.
ProxyPass          /josso/        http://localhost:8080/josso/
ProxyPassReverse   /josso/        http://localhost:8080/josso/

# Josso Java Parnter web apps proxy rules (Optional)
# Add a pair of rules for each java parnter app you want to proxy :
# parnterapp
ProxyPass          /partnerapp/   http://localhost:8080/partnerapp/
ProxyPassReverse   /partnerapp/   http://localhost:8080/partnerapp/
...
                    ]]></source>
                </s3>
            </s2>
            <s2 title="PHP">
                <p>Next, you should install the JOSSO PHP Agent. In this guide the PHP 4.3.9 version is used, but
                JOSSO should also work with other PHP releases as well.</p>
                <p>To make the integration with PHP as straightforward as possible, you should place the JOSSO files in
                the PHP include path, and configure the PHP runtime so that JOSSO Agent's files are prepended to every PHP page.</p>
                <p>For Win32 systems edit the php.ini file as follows : </p>
                <source><![CDATA[
...
; Enable php includes
; Windows: "\path1;\path2"
include_path = ".;c:\php\includes"
...
; Automatically add Josso PHP agent before any PHP document.
auto_prepend_file = "josso-lib\josso.php"
auto_append_file =
...
                ]]></source>
                <p>For Unix systems edit the php.ini file as follows  : </p>
                <source><![CDATA[
...
; Enable php includes
; UNIX: "/path1:/path2"
;include_path = ".:/php/includes"
...
; Automatically add Josso PHP agent before any PHP document.
auto_prepend_file = "josso-lib/josso.php"
auto_append_file =
...
                ]]></source>
                <p>You may have to change the 'include_path' property value if the PHP runtime is installed in a
                   different directory.
                </p>
            </s2>
            <s2 title="Josso PHP Agent">
                <p>After configuring PHP you must install the JOSSO core files in the include path.
                The <strong>PHP_INCLUDE</strong> environment variable must be set to the <strong>include_path</strong>
                property value used in the php.ini file.</p>
                <p>
                    For Unix systems you can use :
                </p>
                <source>
                    $ export PHP_INCLUDE=/php/includes
                    $ ./build.sh install-php
                </source>
                <p>
                    For Win32 systems you can use :
                </p>
                <source>
                    set PHP_INCLUDE=c:\php\includes
                    build.bat install-php
                </source>
                <p> This procedure, which must be executed only once, will copy the necessary files to the
                    <strong>$PHP_INCLUDE/josso-lib</strong> directory.</p>
                <p>The JOSSO PHP Agent configuration file is located in the <strong>$PHP_INCLUDE/josso-lib</strong> directory.
                </p>
                <p>Let's have a look at the <strong>josso-cfg.inc</strong> configuration file :</p>
                <source><![CDATA[
<?php
...

// Josso agent configuration
$josso_gatewayLoginUrl = 'http://localhost/josso/signon/login.do';
$josso_gatewayLogoutUrl = 'http://localhost/josso/signon/logout.do';

// WS client configuration :
$josso_endpoint = 'http://localhost:8080';
...
?>
                ]]></source>
                <p>If you're running Apache in the same host as JOSSO, you should only need to update
                the <strong>josso_gatewayLoginUrl</strong> and <strong>josso_gatewayLogoutUrl</strong> properties,
                using the PHP server host name instead of 'localhost'.</p>
                <p>
                If JOSSO is located on a different host, you should update the <strong>josso_endpoint</strong> property
                as well, setting its value to the JOSSO Gateway host name.
                </p>
                <p>Using this configuration you can set :</p>
                <ul>
                   <li>The Gateway Login URL, which represents the URL where the user should be redirected to on protected
                   resource access, so that he has a chance to authenticate itself.</li>
                   <li>The Gateway Logout URL, which represents the URL where the user should be redirected on logout
                   request.</li>
                   <li>The Gateway endpoint, which represents where the JOSSO Web Services are listening.</li>
                </ul>
            </s2>
        </s1>

        <s1 title="Running">
            <p>Start Apache as usual, and run JOSSO as specified in the <link href="running.html">Running</link> guide.
            After both started succesfully, test your configuration by accessing the JOSSO login form using
            Apache, i.e. http://myapachehost/josso/signon.do, or, in case you deployed the java samples, try to access
            the java sample partner application at http://myapachehost/partnerapp/index.jsp .</p>
        </s1>

        <s1 title="Developing">
            <p>Check the PHP Developer HOW-TO <link href="php-developer-howto.html">here</link>
            </p>
        </s1>

        <s1 title="Comments">
            <p>Care to comment on this How-To? Help keep this document relevant by passing along any constructive
               feedback to the <link href="mailto:docs@josso.org?subject=Developer-Howto:">josso-docs</link></p>
        </s1>
        <s1 title="Revisions">
            <p> </p>
            <p> </p>
        </s1>
    </body>
</document>