<?xml version='1.0' encoding='ISO-8859-1'?>
<!--
  Copyright (c) 2004-2005, Novascope S.A. and the JOSSO team
   All rights reserved.
   Redistribution and use in source and binary forms, with or
   without modification, are permitted provided that the following
   conditions are met:

   * Redistributions of source code must retain the above copyright
     notice, this list of conditions and the following disclaimer.

   * Redistributions in binary form must reproduce the above copyright
     notice, this list of conditions and the following disclaimer in
     the documentation and/or other materials provided with the
     distribution.

   * Neither the name of the JOSSO team nor the names of its
     contributors may be used to endorse or promote products derived
     from this software without specific prior written permission.

   THIS SOFTWARE IS PROVIDED BY THE COPYRIGHT HOLDERS AND
   CONTRIBUTORS "AS IS" AND ANY EXPRESS OR IMPLIED WARRANTIES,
   INCLUDING, BUT NOT LIMITED TO, THE IMPLIED WARRANTIES OF
   MERCHANTABILITY AND FITNESS FOR A PARTICULAR PURPOSE ARE
   DISCLAIMED. IN NO EVENT SHALL THE COPYRIGHT OWNER OR CONTRIBUTORS
   BE LIABLE FOR ANY DIRECT, INDIRECT, INCIDENTAL, SPECIAL,
   EXEMPLARY, OR CONSEQUENTIAL DAMAGES (INCLUDING, BUT NOT LIMITED
   TO, PROCUREMENT OF SUBSTITUTE GOODS OR SERVICES; LOSS OF USE,
   DATA, OR PROFITS; OR BUSINESS INTERRUPTION) HOWEVER CAUSED AND ON
   ANY THEORY OF LIABILITY, WHETHER IN CONTRACT, STRICT LIABILITY,
   OR TORT (INCLUDING NEGLIGENCE OR OTHERWISE) ARISING IN ANY WAY
   OUT OF THE USE OF THIS SOFTWARE, EVEN IF ADVISED OF THE
   POSSIBILITY OF SUCH DAMAGE.
-->
<!-- $Id: running.xml,v 1.11 2005/03/30 20:06:41 sgonzalez Exp $ -->
<!DOCTYPE document PUBLIC "-//APACHE//DTD Documentation V1.0//EN" "document-v10.dtd">
<document>
    <header>
        <title>Running JOSSO</title>
        <authors>
            <person name="Gianluca Brigandi" email="gbrigand@josso.org"/>
        </authors>
    </header>
    <body>
        <s1 title="Prerequisites">
            <p>
                Before configuring JOSSO make sure you have installed the JDK 1.4.2 that can be downloaded from
                <link href="ext:jdk">here</link> .
                The
                <strong>JAVA_HOME</strong> environment variable must be set to the JDK installation directory.
            </p>
            <p>
                For Unix systems you can use :
            </p>
            <source>
                $ export JAVA_HOME=/usr/local/jdk1.4.2
            </source>
            <p>
                For Win32 systems you can use :
            </p>
            <source>
                set JAVA_HOME=c:\jdk1.4.2
            </source>
            <s2 title="Jakarta Tomcat">
                <p>
                    JOSSO requires the Catalina Container in order to run.
                </p>
                <p>
                    Catalina is bundled with the Jakarta Tomcat Web server which can be downloaded from
                    <link href="ext:tomcat">here</link> .
                </p>
                <p>
                    In order to integrate JOSSO with Tomcat to implement a Single Sign-on Infrastructure, you should use
                    <strong>Jakarta Tomcat v5.0.27</strong> or later. It should work with Tomcat v4.x  but it wasn't
                    tested at the moment of writing.
                </p>
                <p>
                    The
                    <strong>CATALINA_HOME</strong> environment variable must be set pointing to the installation
                    directory of Jakarta Tomcat.
                </p>
                <p>
                    For Unix systems you can use :
                </p>
                <source>
                    $ export CATALINA_HOME=/usr/product/jakarta-tomcat-5.0.28
                </source>
                <p>
                    For Win32 systems you can use :
                </p>
                <source>
                    set CATALINA_HOME=c:/jakarta-tomcat-5.0.28
                </source>
            </s2>
            <s2 title="JBoss">
                <p>
                    JOSSO can be deployed in the JBoss application server, providing the authenticated user's identity
                    to the partner web application and EJBs.
                </p>
                <p>
                    The JBoss application server can be downloaded from
                    <link href="ext:jboss">here</link> .
                </p>
                <p>
                    In order to integrate JOSSO with JBoss to implement a Single Sign-on Infrastructure, you should use
                    <strong>JBoss 3.2.7</strong>.
                </p>
                <p>
                    The
                    <strong>JBOSS_HOME</strong> environment variable must be set pointing to the installation
                    directory of JBoss.
                </p>
                <p>
                    For Unix systems you can use :
                </p>
                <source>
                    $ export JBOSS_HOME=/usr/product/jboss-3.2.7
                </source>
                <p>
                    For Win32 systems you can use :
                </p>
                <source>
                    set JBOSS_HOME=c:/jboss-3.2.7
                </source>
            </s2>
            <p>
                Before running JOSSO you must build it and configure it following the
                <link href="building.html">Building</link>
                and
                <link href="configuring.html">Configuring</link> How-TOs .
            </p>
        </s1>
        <s1 title="Running in Jakarta Tomcat">
            <s2 title="Set environent variables">
                <p>
                    The
                    <strong>jaas.conf</strong> will need to be fetched by Tomcat when starting up. For this
                    reason before starting Tomcat set the
                    <strong>JAVA_ENV</strong> variable to
                    <strong>-Djava.security.auth.login.config=../conf/jaas.conf</strong>
                </p>
                <p>
                    For Unix systems you can use :
                </p>
                <source>
                    $ export JAVA_OPTS=-Djava.security.auth.login.config=../conf/jaas.conf
                </source>
                <p>
                    For Win32 systems you can use :
                </p>
                <source>
                    set JAVA_OPTS=-Djava.security.auth.login.config=..\conf\jaas.conf
                </source>
                <p>
                    For the
                    <strong>jaas.conf</strong> file to be found by the Tomcat JAAS Realm remember to start
                    Tomcat from the
                    <strong>$CATALINA_HOME/bin</strong> directory.
                </p>
            </s2>

            <s2 title="Run Tomcat">

                <p>
                    Change to the
                    <strong>$CATALINA/bin</strong> directory and run the startup script provided for
                    your Operating System.
                </p>
                <p>
                    For Unix systems you can use :
                </p>
                <source>
                    ./startup.sh
                </source>
                <p>
                    For Win32 systems you can use :
                </p>
                <source>
                    startup
                </source>
            </s2>

            <s2 title="Deploy and run the Samples">
                <p>
                    From the JOSSO distribution, execute the following command :
                </p>
                <p>
                    For Unix systems you should execute :
                </p>
                <source>
                    build.sh deploy-samples
                </source>
                <p>
                    For Win32 systems you should execute :
                </p>
                <source>
                    build.bat deploy-samples
                </source>

                <p>
                    On succesfull deploy, call the sample partner application using the
                    <link href="http://localhost:8080/partnerapp/protected">http://localhost:8080/partnerapp/protected</link>
                    URL, and logon using the configured users. If you followed the Developer HOWTO you should use
                    the user1/user1pwd account.
                </p>
                <p>
                On succesfull logon, the user identity should be displayed.
                </p>
            </s2>

        </s1>

        <s1 title="Running in JBoss">
            <note>
                JOSSO is compatible only with the JBoss 3.2.7 version.
            </note>

            <s2 title="Run JBoss">

                <p>
                    Change to the
                    <strong>$JBOSS_HOME/bin</strong> directory and run the startup script provided for
                    your Operating System.
                </p>
                <p>
                    For Unix systems you can use :
                </p>
                <source>
                    ./run.sh
                </source>
                <p>
                    For Win32 systems you can use :
                </p>
                <source>
                    run.bat
                </source>
            </s2>

            <s2 title="Deploy and run the Samples">
                <p>
                    From the JOSSO distribution, execute the following command :
                </p>
                <p>
                    For Unix systems you can use :
                </p>
                <source>
                    ./build.sh deploy-jboss
                </source>
                <p>
                    For Win32 systems you can use :
                </p>
                <source>
                    build.bat deploy-jboss
                </source>
                <p>
                    On succesfull deploy, call the sample partner application using the
                    <link href="http://localhost:8080/partnerapp/protected/ejb.jsp">http://localhost:8080/partnerapp/protected/ejb.jsp</link>
                    URL, and logon using the configured users. If you followed the Developer HOWTO you should use
                    the user1/user1pwd account.
                </p>
                <p>
                On succesfull logon, the user identity should be displayed.
                </p>
                <note>
                    This will deploy JOSSO and samples on the <strong>default</strong> JBOSS instance. If you want to use a
                    different instance set the <strong>JBOSS_INSTANCE</strong> environment variable to the propper
                    JBOSS instance name. Valid values are <strong>all</strong> and <strong>minimal</strong>
                </note>
            </s2>

        </s1>

        <s1 title="Comments">
            <p>
                Care to comment on this How-To? Help keep this document relevant by passing along any constructive feedback to the
                <link href="mailto:docs@josso.org?subject=Running">josso-docs</link>
            </p>
        </s1>
        <s1 title="Revisions">
            <ul>
                <li>Made several corrections</li>
                <li>
                    Updated the document so that its in sync with release 1.1.
                </li>
            </ul>
            <p>
            </p>
            <p>
            </p>
        </s1>
    </body>
</document>
