<?xml version="1.0"?>

<!--
Forrest site.xml

This file contains an outline of the site's information content.  It is used to:
- Generate the website menus (though these can be overridden - see docs)
- Provide semantic, location-independent aliases for internal 'site:' URIs, eg
<link href="site:changes"> links to changes.html (or ../changes.html if in
  subdir).
- Provide aliases for external URLs in the external-refs section.  Eg, <link
  href="ext:cocoon"> links to http://xml.apache.org/cocoon/ 

See http://xml.apache.org/forrest/linking.html for more info
-->

<site label="JOSSO" href="" xmlns="http://apache.org/forrest/linkmap/1.0" tab="">



    <!--

  <about label="Status">
    <index label="Index" href="index.html" description="Welcome to JOSSO"/>
    <changes label="Changes" href="changes.html" description="History of Changes" />
    <todo label="Todo" href="todo.html"  description="Todo List" />
  </about>

  <samples label="Samples" href="samples/" tab="samples">
    <sample label="Apache document page" href="sample.html" 
      description="A nonsense document using all possible elements in the current document">
      <top href="#top"/>
      <section href="#section"/>
    </sample>
    <sample2 label="Static content" href="sample2.html" 
      description="More Samples" />
    <sample-wiki label="Wiki page" href="wiki-sample.html" 
      description="wiki-sample" />
    <sample-ihtml label="ihtml page" href="ihtml-sample.html" 
      description="Test iHTML page" />
    <sample-ehtml label="ehtml page" href="ehtml-sample.html" 
      description="Sample HTML page" />
    <faq label="FAQ" href="faq.html" description="Frequently Asked Questions" />
    <sdocbook label="Simplifed Docbook page" href="sdocbook.html" 
      description="Simplified DocBook title" />
    <subdir label="Subdir" href="subdir/">
      <index label="Index" href="index.html" 
        description="Page generated from a subdirectory"/>
    </subdir>
  </samples>
  -->
  <all>
    <whole_site_html label="Whole Site HTML" href="site.html"/>
    <whole_site_html label="Whole Site PDF" href="site.pdf"/>
  </all>

  <external-refs>
    <!-- JOSSO Sourceforge site -->
    <sourceforge.net href="http://sourceforge.net/">
        <josso href="projects/josso/">
            <home href=""/>
        </josso>
        <jxplorer href="projects/jxplorer">
            <home href=""/>
        </jxplorer>
    </sourceforge.net>

    <!-- Jakarta -->
    <jakarta.apache.org href="http://jakarta.apache.org/">
      <ant href="ant/"/>
      <tomcat href="tomcat/"/>
      <tomcat55 href="tomcat/tomcat-5.5-doc/"/>
    </jakarta.apache.org>

    <!-- JBoss -->
    <jboss.org href="http://www.jboss.org/">
      <jboss href="/"/>
    </jboss.org>

    <!-- JDK -->
    <java.sun.com href="http://java.sun.com/">
      <jdk href="j2se/1.4.2/"/>
    </java.sun.com>

    <!-- JDK -->
    <java.sun.com href="http://java.sun.com/">
      <jdk5 href="j2se/1.5.0/"/>
    </java.sun.com>

    <xml.apache.org href="http://xml.apache.org/">
      <forrest href="forrest/">
        <validation href="validation.html"/>
        <webapp href="your-project.html#webapp"/>
        <document-v11 href="document-v11.html"/>
      </forrest>
      <cocoon href="cocoon/"/>
    </xml.apache.org>

    <!-- PHP API Docs -->
    <josso.org href="http://www.josso.org/">
      <php-apidocs href="php-apidocs/index.html"/>
    </josso.org>
  </external-refs>



</site>
