<?xml version="1.0"?>
<!--
Copyright (c) 2004-2005, Novascope S.A. and the JOSSO team
All rights reserved.
Redistribution and use in source and binary forms, with or
without modification, are permitted provided that the following
conditions are met:

* Redistributions of source code must retain the above copyright
  notice, this list of conditions and the following disclaimer.

* Redistributions in binary form must reproduce the above copyright
  notice, this list of conditions and the following disclaimer in
  the documentation and/or other materials provided with the
  distribution.

* Neither the name of the JOSSO team nor the names of its
  contributors may be used to endorse or promote products derived
  from this software without specific prior written permission.

THIS SOFTWARE IS PROVIDED BY THE COPYRIGHT HOLDERS AND
CONTRIBUTORS "AS IS" AND ANY EXPRESS OR IMPLIED WARRANTIES,
INCLUDING, BUT NOT LIMITED TO, THE IMPLIED WARRANTIES OF
MERCHANTABILITY AND FITNESS FOR A PARTICULAR PURPOSE ARE
DISCLAIMED. IN NO EVENT SHALL THE COPYRIGHT OWNER OR CONTRIBUTORS
BE LIABLE FOR ANY DIRECT, INDIRECT, INCIDENTAL, SPECIAL,
EXEMPLARY, OR CONSEQUENTIAL DAMAGES (INCLUDING, BUT NOT LIMITED
TO, PROCUREMENT OF SUBSTITUTE GOODS OR SERVICES; LOSS OF USE,
DATA, OR PROFITS; OR BUSINESS INTERRUPTION) HOWEVER CAUSED AND ON
ANY THEORY OF LIABILITY, WHETHER IN CONTRACT, STRICT LIABILITY,
OR TORT (INCLUDING NEGLIGENCE OR OTHERWISE) ARISING IN ANY WAY
OUT OF THE USE OF THIS SOFTWARE, EVEN IF ADVISED OF THE
POSSIBILITY OF SUCH DAMAGE.
-->
<project name="docs">

    <description>
    Documentation Targets
    </description>

    <target name="prepare-docs" depends="prepare" unless="exclude.documentation">

        <!-- Set classpath for documentation -->
        <path id="documentation.classpath">
            <path refid="classpath"/>
            <!--path location="${tools.jar}"/-->
            <path location="${build.context}/WEB-INF/classes"/>
        </path>

        <mkdir dir="${build.context}"/>
        <mkdir dir="${build.context}/images"/>

        <!-- make filtered copy of XML docs -->
        <copy todir="${build.context}" filtering="on">
            <fileset dir="${documentation}">
                <exclude name="images/**"/>
            </fileset>
        </copy>

        <!-- Add some other documents -->
        <copy file="status.xml"
            tofile="${build.context}/xdocs/status.xml" filtering="on"/>

        <!-- generate sitemap components docs
        <sitemap-components docDir="${build.context}/xdocs/userdocs" source="${java}"/>
        -->

        <!-- Copy images -->
        <copy todir="${build.context}/images" filtering="off">
            <fileset dir="${documentation}/resources/images"/>
        </copy>

        <!-- Copy entity catalog and entities
        <copy todir="${build.context}/WEB-INF/entities" filtering="on">
          <fileset dir="${webapp}/WEB-INF/entities"/>
        </copy>
        <copy todir="${build.context}/WEB-INF/classes" filtering="on">
          <fileset dir="${webapp}/WEB-INF/classes"/>
        </copy>
        -->

    </target>

    <!-- Set a variable if the generated docs are already up-to-date. -->
    <target name="docs_check" depends="prepare-docs">
        <uptodate property="docs.notrequired" targetfile="${build.docs}/index.html">
            <srcfiles dir="." includes="status.xml"/>
            <srcfiles dir="${build}" includes="jars.xml"/>
            <srcfiles dir="${documentation}/content/xdocs" includes="**/*.xml"/>
        </uptodate>
    </target>

    <!-- If generated docs are already up-to-date, print a message saying so. -->
    <target name="docs_done" depends="docs_check" if="docs.notrequired">
        <echo>-------------------------------------------------------------
Not rebuilding docs, as they are up-to-date:
  ${build.docs}/index.html is more recent than
  status.xml, ${documentation}/xdocs/*.xml
-------------------------------------------------------------
        </echo>
    </target>

    <!-- Create docs -->
    <target name="docs"
        depends="prepare-docs, docs_done, javadocs, forrest"
        unless="docs.notrequired" description="Builds JOSSO documentation (needs Apache Forrest)">
        <!-- The docs are created using forrest, so we simply copy them for now -->
        <mkdir dir="${build.docs}"/>

        <copy todir="${build.docs}" filtering="off">
            <fileset dir="${build.site}"/>
        </copy>
        <copy todir="${build.docs}/apidocs" filtering="off">
            <fileset dir="${build.javadocs}"/>
        </copy>
        <copy todir="${build.site}/apidocs" filtering="off">
            <fileset dir="${build.javadocs}"/>
        </copy>

        <!-- TODO : compromised with PHP plugin , change it ... maybe plugins-build.xml ?! -->
        <copy todir="${build.site}/php-apidocs" filtering="off">
            <fileset dir="${plugins}/php/apidoc"/>
        </copy>

    </target>

    <!-- Creates Javadocs -->
    <target name="javadocs"
        description="Builds the API documentation (javadocs)">
        
        <javadoc destdir="${build.javadocs}"
                 author="true"
                 version="true"
                 use="true"
                 noindex="false"
                 splitindex="true"
                 windowtitle="${Name} API ${version} [${TODAY}]"
                 doctitle="${Name} API ${version}"
                 bottom="Copyright &#169; ${year} JOSSO Team. All Rights Reserved."
                 stylesheetfile="${build.context}/resources/javadoc.css"
                 useexternalfile="yes">

            <packageset dir="${java}">
              <include name="**"/>
            </packageset>

            <classpath refid="classpath"/>

        </javadoc>
        
    </target>

</project>
