<?xml version="1.0"?>
<!--
 Copyright (c) 2004-2005, Novascope S.A. and the JOSSO team
 All rights reserved.
 Redistribution and use in source and binary forms, with or
 without modification, are permitted provided that the following
 conditions are met:

 * Redistributions of source code must retain the above copyright
   notice, this list of conditions and the following disclaimer.

 * Redistributions in binary form must reproduce the above copyright
   notice, this list of conditions and the following disclaimer in
   the documentation and/or other materials provided with the
   distribution.

 * Neither the name of the JOSSO team nor the names of its
   contributors may be used to endorse or promote products derived
   from this software without specific prior written permission.

 THIS SOFTWARE IS PROVIDED BY THE COPYRIGHT HOLDERS AND
 CONTRIBUTORS "AS IS" AND ANY EXPRESS OR IMPLIED WARRANTIES,
 INCLUDING, BUT NOT LIMITED TO, THE IMPLIED WARRANTIES OF
 MERCHANTABILITY AND FITNESS FOR A PARTICULAR PURPOSE ARE
 DISCLAIMED. IN NO EVENT SHALL THE COPYRIGHT OWNER OR CONTRIBUTORS
 BE LIABLE FOR ANY DIRECT, INDIRECT, INCIDENTAL, SPECIAL,
 EXEMPLARY, OR CONSEQUENTIAL DAMAGES (INCLUDING, BUT NOT LIMITED
 TO, PROCUREMENT OF SUBSTITUTE GOODS OR SERVICES; LOSS OF USE,
 DATA, OR PROFITS; OR BUSINESS INTERRUPTION) HOWEVER CAUSED AND ON
 ANY THEORY OF LIABILITY, WHETHER IN CONTRACT, STRICT LIABILITY,
 OR TORT (INCLUDING NEGLIGENCE OR OTHERWISE) ARISING IN ANY WAY
 OUT OF THE USE OF THIS SOFTWARE, EVEN IF ADVISED OF THE
 POSSIBILITY OF SUCH DAMAGE.
-->
<project name="init">

    <description>
    Initialization Targets
    </description>

    <target name="init">

        <!-- Set the timestamps -->
        <tstamp/>

        <property environment="env"/>

        <!-- Get the (constant) josso properties -->
        <property file="src/java/org/josso/josso.properties"/>

        <!-- Detecting the current jvm -->
        <condition property="target.vm" value="1.5">
            <equals arg1="1.5" arg2="${ant.java.version}"/>
        </condition>

        <condition property="target.vm" value="1.4">
            <equals arg1="1.4" arg2="${ant.java.version}"/>
        </condition>

        <condition property="target.vm" value="1.3">
            <not>
                <or>
                    <equals arg1="1.4" arg2="${ant.java.version}"/>
                    <equals arg1="1.5" arg2="${ant.java.version}"/>
                </or>
            </not>
        </condition>

        <!-- The location of tools.jar, relative to the JAVA_HOME home. -->
        <property name="tools.jar" value="${java.home}/../lib/tools.jar"/>
        <available file="${tools.jar}" property="tools.jar.present"/>

        <!-- Get the build properties from an external file -->
        <property file="local.build.properties"/>
        <property file="build.properties"/>

        <!-- Use internal.exclude.XXX shadow props used in the
             unless target attributes -->
        <condition property="internal.exclude.webapp.samples">
            <istrue value="${exclude.webapp.samples}"/>
        </condition>

        <filter token="Name" value="${fullname}"/>
        <filter token="name" value="${fullname}"/>
        <filter token="year" value="${year}"/>
        <filter token="version" value="${version}"/>
        <filter token="date" value="${TODAY}"/>
        <filter token="released.version" value="${released.version}"/>
        <filter token="loglevel" value="${build.webapp.loglevel}"/>

        <!-- Alias for the loglevel -->
        <property name="loglevel" value="${build.webapp.loglevel}"/>

        <!-- Create destination directory first -->
        <mkdir dir="${build.dest}"/>

        <!-- Set classpath -->
        <path id="classpath">

            <fileset dir="${lib.local}">
                <include name="*.jar"/>
            </fileset>

            <fileset dir="${lib}">
                <include name="*.jar"/>
            </fileset>

            <fileset dir="${lib.core}">
                <include name="*.jar"/>
            </fileset>

            <!-- Currently, we have no JVM dependent libraries
              <fileset dir="${lib.core}/jvm${target.vm}">
                <include name="*.jar"/>
              </fileset>
            -->

            <path location="${build.dest}"/>
            <path location="${resources}"/>
        </path>

        <path id="samples_classpath">
            <path refid="classpath"/>
            <fileset dir="${samples}/../lib">
                <include name="*.jar"/>
            </fileset>
        </path>

    </target>

    <target name="init-tasks" depends="init">

        <mkdir dir="${tools.tasks.dest}"/>
        <mkdir dir="${tools.tasks.src}"/>

        <!-- Set classpath for building ant tasks -->
        <path id="tasks.classpath">

            <fileset dir="./tools/contrib">
                <include name="*.jar"/>
            </fileset>

            <fileset dir="${lib.core}">
                <include name="*.jar"/>
            </fileset>

            <path location="${tools.tasks.dest}"/>
            <path location="${build.dest}"/>

        </path>

        <!-- compile the ant tasks -->
        <javac srcdir="${tools.tasks.src}"
            destdir="${tools.tasks.dest}"
            debug="off"
            optimize="on"
            deprecation="on"
            target="1.3"
            nowarn="on"
            compiler="${compiler}"
            classpathref="tasks.classpath"/>

        <!-- A task to patch xml files
        <taskdef name="xpatch" classname="XConfToolTask"
               classpath="${tools.tasks.dest}"/>
        -->

        <!-- BE CAREFULL, DO NOT CHANGE THE WAY AXIS TASKS ARE DECLARED ! (For example by using the properties file) -->

        <taskdef name="axis-wsdl2java"
            classname="org.apache.axis.tools.ant.wsdl.Wsdl2javaAntTask"
            classpathref="tasks.classpath"/>

        <taskdef name="axis-java2wsdl"
            classname="org.apache.axis.tools.ant.wsdl.Java2WsdlAntTask"
            classpathref="tasks.classpath"/>

        <taskdef name="axis-admin"
            classname="org.apache.axis.tools.ant.axis.AdminClientTask"
            classpathref="tasks.classpath"/>

        <taskdef resource="net/sf/antcontrib/antcontrib.properties"
            classpathref="tasks.classpath"/>

    </target>

    <!-- === Preparation Targets ============================================= -->

    <!-- Prepare the build directory -->
    <target name="prepare" depends="init-tasks">
        <echo>======================================================================
                 ${fullname} ${version} [${year}]
======================================================================
 Building with ${ant.version}
----------------------------------------------------------------------
 Using build file ${ant.file}
----------------------------------------------------------------------
 Compiler options:
   - debug ......... [${compiler.debug}]
   - optimize ...... [${compiler.optimize}]
   - deprecation ... [${compiler.deprecation}]
======================================================================</echo>
        <mkdir dir="${build}"/>
        <mkdir dir="${build.generated}"/>
    </target>

    <!-- === Clean Targets =================================================== -->

    <!-- Clean -->
    <target name="clean"
        depends="clean-josso,clean-webapp"
        description="Cleans the josso build and webapp"/>

    <!-- Clean the cocoon build directory -->
    <target name="clean-josso" depends="init">
        <delete dir="${build}"/>
    </target>

    <!-- Clean the webapp -->
    <target name="clean-webapp" depends="init">
        <delete dir="${build.webapp.root}"/>
    </target>

</project>
