<?xml version="1.0"?>
<!--
 Copyright (c) 2004-2005, Novascope S.A. and the JOSSO team
 All rights reserved.
 Redistribution and use in source and binary forms, with or
 without modification, are permitted provided that the following
 conditions are met:

 * Redistributions of source code must retain the above copyright
   notice, this list of conditions and the following disclaimer.

 * Redistributions in binary form must reproduce the above copyright
   notice, this list of conditions and the following disclaimer in
   the documentation and/or other materials provided with the
   distribution.

 * Neither the name of the JOSSO team nor the names of its
   contributors may be used to endorse or promote products derived
   from this software without specific prior written permission.

 THIS SOFTWARE IS PROVIDED BY THE COPYRIGHT HOLDERS AND
 CONTRIBUTORS "AS IS" AND ANY EXPRESS OR IMPLIED WARRANTIES,
 INCLUDING, BUT NOT LIMITED TO, THE IMPLIED WARRANTIES OF
 MERCHANTABILITY AND FITNESS FOR A PARTICULAR PURPOSE ARE
 DISCLAIMED. IN NO EVENT SHALL THE COPYRIGHT OWNER OR CONTRIBUTORS
 BE LIABLE FOR ANY DIRECT, INDIRECT, INCIDENTAL, SPECIAL,
 EXEMPLARY, OR CONSEQUENTIAL DAMAGES (INCLUDING, BUT NOT LIMITED
 TO, PROCUREMENT OF SUBSTITUTE GOODS OR SERVICES; LOSS OF USE,
 DATA, OR PROFITS; OR BUSINESS INTERRUPTION) HOWEVER CAUSED AND ON
 ANY THEORY OF LIABILITY, WHETHER IN CONTRACT, STRICT LIABILITY,
 OR TORT (INCLUDING NEGLIGENCE OR OTHERWISE) ARISING IN ANY WAY
 OUT OF THE USE OF THIS SOFTWARE, EVEN IF ADVISED OF THE
 POSSIBILITY OF SUCH DAMAGE.
-->

<project name="webapp">

    <description>
        Webapp targets
    </description>

    <!-- =============================================================== -->
    <!-- Josso web application -->
    <!-- =============================================================== -->

    <target name="prepare-webapp" depends="package">

        <mkdir dir="${build.webapp}"/>
        <mkdir dir="${build.webapp}/WEB-INF/classes"/>

        <!-- Copy WEB-INF dir -->
        <copy todir="${build.webapp}/WEB-INF" filtering="on">
            <fileset dir="${webapp}/WEB-INF">
                <include name="entities/**"/>
                <include name="classes/**"/>
                <include name="tlds/**"/>
                <include name="*.x*"/>
                <include name="*.wsdd"/>
            </fileset>
        </copy>

        <copy todir="${build.webapp}/WEB-INF" >
            <fileset dir="${webapp}/WEB-INF">
                <include name="lib/**"/>
            </fileset>
        </copy>

        <!-- Reuired resources -->
        <copy todir="${build.webapp}/WEB-INF/classes">
            <fileset dir="${resources}">
                <include name="ApplicationResources.properties"/>
                <include name="client-config.wsdd"/>
            </fileset>
        </copy>


        <!-- Optional resources -->
        <if>
            <not>
                <equals arg1="${exclude.config}" arg2="true"/>
            </not>
            <then>
                <copy todir="${build.webapp}/WEB-INF/classes">
                    <fileset dir="${resources}">
                        <exclude name="josso-agent-config.xml"/>
                        <exclude name="josso-reverseproxy-config.xml"/>
                        <!-- <exclude name="log4j.properties"/> -->
                    </fileset>
                </copy>
            </then>
        </if>

        <!-- Copy singon files -->
        <copy todir="${build.webapp}/signon" filtering="on">
            <fileset dir="${webapp}/signon"/>
        </copy>

        <!-- Copy web resources files -->
        <copy todir="${build.webapp}/resources" >
            <fileset dir="${webapp}/resources"/>
        </copy>

        <copy file="${build}/${name}-${version}.jar" tofile="${build.webapp.lib}/${name}-${version}.jar"/>

        <copy todir="${build.webapp.lib}">
            <fileset dir="${lib.core}">
                <include name="*.jar"/>
                <exclude name="servlet*.jar"/>
            </fileset>
            <!-- Currently, we have no JVM dependent libraries
              <fileset dir="${lib.core}/jvm${target.vm}">
                <include name="*.jar"/>
              </fileset>
            -->
            <fileset dir="${lib.local}">
                <include name="*.jar"/>
                <exclude name="servlet*.jar"/>
            </fileset>
        </copy>

    </target>

    <target name="war" depends="prepare-webapp,war-nolog,war-log" description="Builds JOSSO web application archive"/>

    <target name="war-nolog" if="ear_selected">
        <!-- Package WAR file -->
        <jar jarfile="${build.war}" index="true">
            <fileset dir="${build.webapp}">
                <exclude name="WEB-INF/classes/log4j.properties"/>
                <exclude name="**/PartnerComponentEJB.class"/>
            </fileset>
        </jar>
    </target>


    <target name="war-log" unless="ear_selected">
        <!-- Package WAR file -->
        <jar jarfile="${build.war}" index="true">
            <fileset dir="${build.webapp}">
                <exclude name="**/PartnerComponent*.class"/>
            </fileset>
        </jar>
    </target>

    <target name="check-ear">
      <property name="ear_selected" value="true"/>
    </target>

    <target name="ear" depends="check-ear,war,prepare-ear" description="Builds JOSSO enterprise application archive">
        <delete file="${build.ear}"/>

        <if>
            <not>
                <equals arg1="${exclude.samples}" arg2="true"/>
            </not>
            <then>
                <ear destfile="${build.ear}" appxml="${webapp.resources}/ear/META-INF/application.xml">
                    <fileset file="${build.war}"/>
                    <fileset file="${build.samples.war}"/>
                    <fileset file="${build.partnercomponent.jar}"/>
                </ear>
            </then>
            <else>
                <ear destfile="${build.ear}" appxml="${webapp.resources}/ear/META-INF/application-no-samples.xml">
                    <fileset file="${build.war}"/>
                </ear>

            </else>
        </if>
    </target>


    <!-- =============================================================== -->
    <!-- Samples web application -->
    <!-- =============================================================== -->

    <target name="prepare-webapp-samples" depends="samples" unless="internal.exclude.webapp.samples">

        <mkdir dir="${build.webapp.samples}"/>
        <mkdir dir="${build.webapp.samples}/WEB-INF/classes"/>
        <!--
        <mkdir dir="${build.webapp.samples}/META-INF"/>

        <copy todir="${build.webapp.samples}/META-INF">
            <fileset dir="${webapp.samples}/META-INF"/>
        </copy>
        -->

        <!-- Copy WEB-INF dir
        <copy todir="${build.webapp.samples}/WEB-INF" filtering="on">
            <fileset dir="${webapp.samples}/WEB-INF">
                <include name="entities/**"/>
                <include name="classes/**"/>
                <include name="tlds/**"/>
                <include name="*.x*"/>
            </fileset>
        </copy>

        <copy todir="${build.webapp.samples.lib}">
            <fileset dir="${webapp.samples}/WEB-INF">
                <include name="lib/**"/>
            </fileset>
        </copy>
        -->

    </target>

    <target name="webapp-samples" depends="prepare-webapp-samples">
    </target>

    <target name="war-samples" depends="webapp-samples" description="Builds samples web application archive">
        <!-- Package WAR file -->
        <jar jarfile="${build.samples.war}" index="true">
            <!-- metainf  dir="${build.webapp.samples}/META-INF"/-->
            <fileset dir="${build.webapp.samples}"/>
        </jar>
    </target>


</project>
